id_funcionario;departamento;cargo;nivel;localizacao;regime_trabalho;genero;idade;tempo_empresa_anos;data_admissao_mm_aaaa;salario_mensal_brl;bonus_anual_brl;avaliacao_desempenho_1a5;satisfacao_1a5;horas_treinamento_ano;faltas_dias_ano;horas_extras_mes;promocao_ultimos_2anos;saiu_em_2025
EMP0001;Varejo - Loja (Apple Store);Especialista Vendas;Junior;Remoto-BR;Presencial;F;44;2.8;01/2024;3800;3146;4;4;23;3;6;nao;sim
EMP0002;Varejo - Loja (Apple Store);Especialista Vendas;Junior;Rio-RJ;Presencial;M;33;5.0;07/2020;3900;6907;4;5;7;2;0;nao;nao
EMP0003;Varejo - Loja (Apple Store);Gerente de Loja;Gerente;Manaus-AM (fabrica);Presencial;F;44;5.2;04/2021;6400;8903;4;4;32;1;0;nao;nao
EMP0004;Varejo - Loja (Apple Store);Especialista Vendas;Junior;Remoto-BR;Presencial;M;38;16.0;09/2010;4100;4044;4;4;18;4;8;sim;sim
EMP0005;Marketing e Vendas Corporativas;Gerente Marketing;Gerente;Manaus-AM (fabrica);Presencial;M;19;2.1;04/2023;30100;51200;5;5;8;1;4;nao;nao
EMP0006;Varejo - Loja (Apple Store);Especialista Vendas;Junior;Manaus-AM (fabrica);Presencial;F;29;1.7;08/2025;4500;8804;3;4;22;3;8;nao;nao
EMP0007;Hardware e Design de Produto;Eng. Hardware Sr;Senior;Sao Paulo-SP;Presencial;M;49;1.1;03/2025;18800;12400;3;5;19;0;0;nao;nao
EMP0008;Engenharia de Software;Gerente Engenharia;Gerente;Manaus-AM (fabrica);Presencial;M;39;14.8;04/2012;23900;56454;4;4;37;0;7;nao;nao
EMP0009;Engenharia de Software;Tech Lead;Lead;Manaus-AM (fabrica);Presencial;M;19;9.3;12/2017;21300;26792;2;4;39;2;13;nao;sim
EMP0010;Hardware e Design de Produto;Eng. Hardware Sr;Senior;Sao Paulo-SP;Hibrido;M;46;0.2;01/2025;21000;12732;4;4;62;0;5;nao;nao
EMP0011;Varejo - Loja (Apple Store);Lider de Loja;Senior;Sao Paulo-SP;Presencial;F;43;1.5;12/2024;4400;6512;4;4;19;4;6;nao;sim
EMP0012;Engenharia de Software;Gerente Engenharia;Gerente;Cupertino-EUA (remoto BR);Presencial;F;34;2.0;09/2024;24200;46504;5;4;39;4;3;sim;nao
EMP0013;Varejo - Loja (Apple Store);Lider de Loja;Senior;Manaus-AM (fabrica);Presencial;F;19;5.4;12/2020;5900;11759;5;4;15;1;0;nao;nao
EMP0014;Varejo - Loja (Apple Store);Estoquista;Junior;Sao Paulo-SP;Presencial;M;36;11.3;03/2014;3800;2287;3;4;12;2;11;nao;nao
EMP0015;Engenharia de Software;Eng. Software Jr;Junior;Cupertino-EUA (remoto BR);Hibrido;M;38;4.4;07/2021;6100;8956;3;5;49;0;0;nao;nao
EMP0016;Varejo - Loja (Apple Store);Especialista Vendas;Junior;Sao Paulo-SP;Presencial;F;49;7.4;03/2018;4400;5785;3;5;64;2;2;nao;nao
EMP0017;Varejo - Loja (Apple Store);Especialista Vendas;Junior;Manaus-AM (fabrica);Presencial;F;41;1.1;12/2025;4200;6431;4;3;9;7;12;nao;sim
EMP0018;Varejo - Loja (Apple Store);Estoquista;Junior;Sao Paulo-SP;Presencial;F;38;2.0;09/2024;3700;2267;4;3;2;5;17;nao;sim
EMP0019;Engenharia de Software;Eng. Software Sr;Senior;Cupertino-EUA (remoto BR);Remoto;NB;41;4.0;06/2022;20500;37437;4;5;51;7;0;nao;nao
EMP0020;Operacoes e Supply Chain;Gerente Operacoes;Gerente;Sao Paulo-SP;Hibrido;F;47;7.0;05/2019;24800;50033;3;5;26;0;3;nao;nao
EMP0021;Design e Experiencia (UI/UX);Designer Pl;Pleno;Sao Paulo-SP;Hibrido;F;33;5.2;09/2020;11400;22477;4;4;15;10;0;sim;nao
EMP0022;Hardware e Design de Produto;Eng. Hardware Jr;Junior;Remoto-BR;Presencial;M;19;0.4;04/2026;6400;10004;4;4;40;3;18;nao;nao
EMP0023;Varejo - Loja (Apple Store);Estoquista;Junior;Cupertino-EUA (remoto BR);Presencial;M;25;0.5;09/2026;4200;4672;3;4;31;1;3;nao;nao
EMP0024;Varejo - Loja (Apple Store);Genius (Suporte Loja);Pleno;Remoto-BR;Presencial;M;40;2.0;11/2024;4200;4883;4;5;7;9;4;nao;nao
EMP0025;Hardware e Design de Produto;Eng. Hardware Sr;Senior;Sao Paulo-SP;Remoto;F;28;0.6;08/2025;19400;32063;5;5;48;3;0;nao;nao
EMP0026;Design e Experiencia (UI/UX);Designer Pl;Pleno;Remoto-BR;Presencial;M;34;1.9;12/2024;11800;6788;3;5;53;4;5;nao;nao
EMP0027;Financas, RH e Juridico;Advogado Jr;Junior;Manaus-AM (fabrica);Presencial;M;32;6.2;03/2020;7500;9090;3;5;35;4;4;nao;nao
EMP0028;Varejo - Loja (Apple Store);Estoquista;Junior;Cupertino-EUA (remoto BR);Presencial;F;25;0.3;07/2025;4800;7486;5;3;30;1;13;nao;sim
EMP0029;Varejo - Loja (Apple Store);Gerente de Loja;Gerente;Manaus-AM (fabrica);Presencial;M;25;10.0;07/2015;6400;16058;3;5;36;2;0;nao;nao
EMP0030;Engenharia de Software;Tech Lead;Lead;Remoto-BR;Presencial;M;37;6.4;10/2020;23900;57802;2;4;27;1;0;nao;nao
EMP0031;Engenharia de Software;Eng. Software Sr;Senior;Cupertino-EUA (remoto BR);Presencial;F;34;4.9;05/2022;20800;25073;3;5;35;0;4;nao;sim
EMP0032;Financas, RH e Juridico;Analista Financeiro;Pleno;Rio-RJ;Remoto;F;38;0.5;10/2026;13500;16166;4;5;38;9;4;nao;nao
EMP0033;Suporte - AppleCare;Atendente Suporte Jr;Junior;Manaus-AM (fabrica);Presencial;F;29;11.1;12/2014;5000;6940;5;4;14;1;10;nao;nao
EMP0034;Suporte - AppleCare;Supervisor Suporte;Senior;Rio-RJ;Presencial;M;27;1.5;08/2025;8600;16694;4;5;2;1;0;nao;nao
EMP0035;Financas, RH e Juridico;Advogado Jr;Junior;Remoto-BR;Remoto;M;19;3.1;04/2022;7700;4850;4;4;16;2;8;sim;sim
EMP0036;Operacoes e Supply Chain;Analista Supply Pl;Pleno;Remoto-BR;Presencial;F;32;7.4;09/2019;13500;8483;5;5;6;3;3;nao;nao
EMP0037;Suporte - AppleCare;Atendente Suporte Jr;Junior;Sao Paulo-SP;Presencial;F;30;2.8;12/2023;5600;5755;3;4;27;3;3;nao;nao
EMP0038;Suporte - AppleCare;Supervisor Suporte;Senior;Sao Paulo-SP;Presencial;M;30;2.6;02/2023;10900;10293;1;5;33;0;4;nao;sim
EMP0039;Engenharia de Software;Eng. Software Sr;Senior;Remoto-BR;Presencial;M;19;3.0;08/2022;17800;34678;4;4;69;0;4;nao;nao
EMP0040;Varejo - Loja (Apple Store);Genius (Suporte Loja);Pleno;Sao Paulo-SP;Presencial;F;38;5.1;10/2021;4100;5263;4;5;28;13;1;sim;nao
EMP0041;Varejo - Loja (Apple Store);Especialista Vendas;Junior;Manaus-AM (fabrica);Presencial;F;31;0.7;01/2025;4300;6596;3;4;24;0;6;nao;nao
EMP0042;Engenharia de Software;Eng. Software Pl;Pleno;Manaus-AM (fabrica);Presencial;M;24;1.9;11/2025;10400;9343;2;5;44;2;6;nao;nao
EMP0043;Marketing e Vendas Corporativas;Executivo Vendas B2B;Pleno;Sao Paulo-SP;Hibrido;M;42;2.4;01/2023;13300;21303;3;4;21;3;3;nao;nao
EMP0044;Varejo - Loja (Apple Store);Especialista Vendas;Junior;Manaus-AM (fabrica);Presencial;F;47;2.2;05/2024;4000;5511;4;4;10;1;3;sim;nao
EMP0045;Operacoes e Supply Chain;Coordenador Operacoes;Senior;Cupertino-EUA (remoto BR);Hibrido;M;23;0.2;05/2025;17700;34608;4;5;34;3;0;nao;nao
EMP0046;Varejo - Loja (Apple Store);Genius (Suporte Loja);Pleno;Remoto-BR;Presencial;M;31;1.1;05/2024;4400;6808;4;3;51;0;19;nao;sim
EMP0047;Varejo - Loja (Apple Store);Gerente de Loja;Gerente;Cupertino-EUA (remoto BR);Presencial;M;48;3.7;12/2022;5400;10937;5;4;32;1;2;sim;nao
EMP0048;Varejo - Loja (Apple Store);Genius (Suporte Loja);Pleno;Manaus-AM (fabrica);Presencial;M;19;2.5;05/2024;4800;8429;5;5;13;1;0;nao;nao
EMP0049;Suporte - AppleCare;Atendente Suporte Pl;Pleno;Remoto-BR;Presencial;F;30;0.9;01/2026;6700;8103;3;5;16;4;13;nao;nao
EMP0050;Engenharia de Software;Eng. Software Jr;Junior;Sao Paulo-SP;Remoto;F;46;0.4;01/2026;7400;8250;5;5;32;10;3;nao;nao
EMP0051;Varejo - Loja (Apple Store);Especialista Vendas;Junior;Manaus-AM (fabrica);Presencial;M;28;4.4;09/2022;3800;2289;4;5;0;4;0;sim;nao
EMP0052;Varejo - Loja (Apple Store);Especialista Vendas;Junior;Cupertino-EUA (remoto BR);Presencial;M;47;1.2;03/2024;4100;4584;4;4;15;2;6;nao;nao
EMP0053;Varejo - Loja (Apple Store);Lider de Loja;Senior;Manaus-AM (fabrica);Presencial;M;33;0.2;05/2026;5400;3979;4;4;28;3;2;nao;nao
EMP0054;Hardware e Design de Produto;Eng. Hardware Sr;Senior;Sao Paulo-SP;Presencial;M;34;3.0;05/2023;15800;27571;5;5;41;4;4;nao;nao
EMP0055;Suporte - AppleCare;Atendente Suporte Pl;Pleno;Rio-RJ;Presencial;M;35;1.0;11/2025;7600;5359;4;3;36;4;14;nao;sim
EMP0056;Design e Experiencia (UI/UX);Designer Pl;Pleno;Sao Paulo-SP;Presencial;M;35;2.7;09/2024;11800;10723;4;5;52;10;11;sim;nao
EMP0057;Operacoes e Supply Chain;Gerente Operacoes;Gerente;Manaus-AM (fabrica);Presencial;M;42;13.7;09/2013;26700;58521;3;4;25;3;12;nao;nao
EMP0058;Varejo - Loja (Apple Store);Estoquista;Junior;Sao Paulo-SP;Presencial;F;41;8.6;02/2017;4700;5623;3;4;3;0;5;nao;sim
EMP0059;Financas, RH e Juridico;Analista Financeiro;Pleno;Sao Paulo-SP;Remoto;F;22;4.8;07/2022;12100;19237;4;5;9;2;11;nao;nao
EMP0060;Varejo - Loja (Apple Store);Genius (Suporte Loja);Pleno;Cupertino-EUA (remoto BR);Presencial;M;43;2.8;06/2024;3800;3472;4;3;16;0;22;sim;nao
EMP0061;Financas, RH e Juridico;Analista Financeiro;Pleno;Rio-RJ;Presencial;F;31;5.1;04/2020;13000;11043;3;5;0;0;6;nao;nao
EMP0062;Financas, RH e Juridico;Advogado Jr;Junior;Rio-RJ;Presencial;M;39;5.4;01/2021;6200;3587;4;5;5;1;4;nao;nao
EMP0063;Engenharia de Software;Gerente Engenharia;Gerente;Sao Paulo-SP;Hibrido;M;43;1.3;01/2025;23900;37857;3;5;53;7;0;nao;nao
EMP0064;Engenharia de Software;Gerente Engenharia;Gerente;Sao Paulo-SP;Presencial;M;23;1.7;05/2025;27500;50341;3;4;53;3;12;nao;nao
EMP0065;Suporte - AppleCare;Atendente Suporte Jr;Junior;Cupertino-EUA (remoto BR);Remoto;F;37;4.6;06/2021;5800;6156;3;3;51;5;15;nao;sim
EMP0066;Engenharia de Software;Eng. Software Sr;Senior;Rio-RJ;Hibrido;M;27;0.5;11/2025;21500;24389;3;4;37;1;6;nao;sim
EMP0067;Varejo - Loja (Apple Store);Genius (Suporte Loja);Pleno;Remoto-BR;Presencial;F;38;5.0;07/2021;5000;9809;3;4;5;0;11;nao;nao
EMP0068;Operacoes e Supply Chain;Coordenador Operacoes;Senior;Sao Paulo-SP;Presencial;M;40;0.7;11/2025;18200;12973;3;5;21;0;3;nao;nao
EMP0069;Design e Experiencia (UI/UX);Designer Sr;Senior;Sao Paulo-SP;Presencial;M;20;0.6;01/2026;19800;17981;3;5;9;0;1;nao;nao
EMP0070;Engenharia de Software;Tech Lead;Lead;Sao Paulo-SP;Hibrido;M;27;0.9;01/2026;19800;24507;3;4;47;1;5;nao;sim
EMP0071;Suporte - AppleCare;Atendente Suporte Jr;Junior;Sao Paulo-SP;Hibrido;F;22;1.5;12/2024;4700;2482;3;4;9;2;18;nao;nao
EMP0072;Varejo - Loja (Apple Store);Especialista Vendas;Junior;Cupertino-EUA (remoto BR);Presencial;F;42;4.1;07/2021;5000;4324;3;4;14;1;1;nao;nao
EMP0073;Hardware e Design de Produto;Eng. Hardware Pl;Pleno;Sao Paulo-SP;Hibrido;M;38;1.5;11/2025;13000;11107;5;5;47;4;7;nao;nao
EMP0074;Engenharia de Software;Tech Lead;Lead;Remoto-BR;Hibrido;M;27;3.6;06/2023;26400;49449;2;4;44;1;6;nao;nao
EMP0075;Engenharia de Software;Gerente Engenharia;Gerente;Sao Paulo-SP;Hibrido;F;29;3.6;02/2023;28900;47360;4;5;44;6;0;sim;nao
EMP0076;Varejo - Loja (Apple Store);Estoquista;Junior;Remoto-BR;Presencial;M;20;6.4;02/2020;4500;3414;4;4;40;2;8;sim;nao
EMP0077;Hardware e Design de Produto;Gerente Hardware;Gerente;Rio-RJ;Hibrido;F;29;1.4;07/2025;25900;53387;3;5;12;1;0;nao;nao
EMP0078;Engenharia de Software;Eng. Software Sr;Senior;Sao Paulo-SP;Hibrido;M;42;0.3;11/2026;20500;35255;5;5;15;3;0;nao;nao
EMP0079;Varejo - Loja (Apple Store);Lider de Loja;Senior;Remoto-BR;Presencial;F;40;5.1;03/2020;4500;4246;3;4;6;4;9;nao;nao
EMP0080;Varejo - Loja (Apple Store);Gerente de Loja;Gerente;Sao Paulo-SP;Presencial;F;40;5.8;08/2020;4900;6665;2;4;0;4;4;nao;nao
EMP0081;Hardware e Design de Produto;Eng. Hardware Pl;Pleno;Sao Paulo-SP;Remoto;M;37;10.3;08/2016;12800;21339;3;5;39;0;0;nao;nao
EMP0082;Marketing e Vendas Corporativas;Analista Marketing;Pleno;Remoto-BR;Remoto;M;46;6.7;03/2019;10900;20251;5;5;36;0;8;nao;nao
EMP0083;Engenharia de Software;Eng. Software Jr;Junior;Cupertino-EUA (remoto BR);Presencial;F;38;1.3;12/2024;7300;12315;4;5;49;3;8;nao;nao
EMP0084;Suporte - AppleCare;Atendente Suporte Pl;Pleno;Remoto-BR;Remoto;F;34;9.9;07/2017;6200;5779;4;4;28;4;7;nao;sim
EMP0085;Marketing e Vendas Corporativas;Gerente Marketing;Gerente;Remoto-BR;Hibrido;M;32;0.2;10/2025;27100;52723;3;3;44;2;18;nao;nao
EMP0086;Financas, RH e Juridico;Analista Financeiro;Pleno;Cupertino-EUA (remoto BR);Hibrido;M;40;0.2;06/2026;10800;16045;4;4;36;0;11;nao;nao
EMP0087;Hardware e Design de Produto;Eng. Hardware Pl;Pleno;Rio-RJ;Hibrido;NB;28;0.5;08/2026;10000;8023;4;4;9;1;8;nao;nao
EMP0088;Operacoes e Supply Chain;Gerente Operacoes;Gerente;Sao Paulo-SP;Hibrido;F;25;7.0;02/2018;30600;45962;5;5;33;1;0;sim;nao
EMP0089;Design e Experiencia (UI/UX);Designer Sr;Senior;Rio-RJ;Hibrido;F;22;2.8;02/2023;17700;16699;3;5;31;1;0;nao;nao
EMP0090;Suporte - AppleCare;Atendente Suporte Pl;Pleno;Remoto-BR;Presencial;M;34;3.9;09/2022;7900;12001;3;4;21;4;11;nao;sim
EMP0091;Engenharia de Software;Eng. Software Sr;Senior;Cupertino-EUA (remoto BR);Remoto;F;38;1.6;02/2024;19200;24848;4;5;52;0;0;nao;nao
EMP0092;Design e Experiencia (UI/UX);Designer Jr;Junior;Sao Paulo-SP;Presencial;M;40;8.7;02/2017;6100;3727;4;5;44;4;9;nao;nao
EMP0093;Varejo - Loja (Apple Store);Especialista Vendas;Junior;Remoto-BR;Presencial;F;40;4.2;06/2021;4500;3069;5;4;31;0;8;nao;nao
EMP0094;Operacoes e Supply Chain;Analista Supply Pl;Pleno;Remoto-BR;Presencial;F;46;2.6;10/2024;10100;19781;4;5;11;1;0;nao;nao
EMP0095;Varejo - Loja (Apple Store);Genius (Suporte Loja);Pleno;Rio-RJ;Presencial;M;44;2.6;03/2023;4200;6568;2;5;53;5;0;nao;nao
EMP0096;Varejo - Loja (Apple Store);Gerente de Loja;Gerente;Sao Paulo-SP;Presencial;M;43;3.1;03/2023;6100;12536;4;5;6;5;0;sim;sim
EMP0097;Varejo - Loja (Apple Store);Gerente de Loja;Gerente;Sao Paulo-SP;Presencial;M;32;7.7;11/2019;6600;10505;3;3;2;0;11;nao;sim
EMP0098;Varejo - Loja (Apple Store);Lider de Loja;Senior;Remoto-BR;Presencial;F;38;15.5;07/2010;4500;4751;3;4;19;0;3;nao;sim
EMP0099;Engenharia de Software;Eng. Software Sr;Senior;Manaus-AM (fabrica);Presencial;F;50;5.9;12/2021;17600;28946;3;5;40;1;0;nao;sim
EMP0100;Financas, RH e Juridico;Gerente Financas/RH;Gerente;Manaus-AM (fabrica);Presencial;F;42;7.5;08/2019;26000;17314;4;4;29;1;7;sim;sim
EMP0101;Engenharia de Software;Gerente Engenharia;Gerente;Sao Paulo-SP;Hibrido;F;20;1.1;11/2025;28900;26035;4;5;48;2;9;nao;nao
EMP0102;Engenharia de Software;Gerente Engenharia;Gerente;Remoto-BR;Hibrido;F;38;2.2;10/2023;31500;29061;4;4;34;2;9;nao;nao
EMP0103;Varejo - Loja (Apple Store);Gerente de Loja;Gerente;Remoto-BR;Presencial;F;37;3.9;10/2023;5400;12974;3;4;8;0;13;nao;nao
EMP0104;Financas, RH e Juridico;Analista RH;Pleno;Remoto-BR;Hibrido;F;26;6.4;11/2019;10800;14675;3;5;14;1;3;nao;nao
EMP0105;Engenharia de Software;Gerente Engenharia;Gerente;Rio-RJ;Remoto;M;33;0.5;06/2025;32400;51283;3;5;66;2;0;nao;nao
EMP0106;Varejo - Loja (Apple Store);Estoquista;Junior;Remoto-BR;Presencial;F;28;12.6;05/2013;4800;7369;3;5;25;8;1;nao;nao
EMP0107;Hardware e Design de Produto;Gerente Hardware;Gerente;Manaus-AM (fabrica);Presencial;F;34;0.2;02/2026;26500;40084;3;4;57;2;4;nao;nao
EMP0108;Varejo - Loja (Apple Store);Genius (Suporte Loja);Pleno;Sao Paulo-SP;Presencial;F;50;0.9;02/2025;4300;6776;4;2;39;2;16;nao;nao
EMP0109;Varejo - Loja (Apple Store);Lider de Loja;Senior;Remoto-BR;Presencial;M;29;8.3;10/2017;4700;7557;5;4;20;1;8;nao;nao
EMP0110;Engenharia de Software;Tech Lead;Lead;Rio-RJ;Presencial;M;38;0.2;10/2025;20600;52876;3;5;84;2;1;nao;nao
EMP0111;Operacoes e Supply Chain;Gerente Operacoes;Gerente;Sao Paulo-SP;Remoto;F;32;4.4;06/2021;30500;53593;2;5;14;6;5;nao;nao
EMP0112;Varejo - Loja (Apple Store);Especialista Vendas;Junior;Cupertino-EUA (remoto BR);Presencial;NB;19;0.2;08/2025;4800;9269;4;3;46;3;4;nao;nao
EMP0113;Engenharia de Software;Eng. Software Jr;Junior;Remoto-BR;Presencial;M;48;5.1;11/2021;7900;7446;3;4;33;0;1;nao;nao
EMP0114;Varejo - Loja (Apple Store);Lider de Loja;Senior;Remoto-BR;Presencial;M;38;5.0;10/2021;5700;3549;2;4;31;2;0;nao;sim
EMP0115;Varejo - Loja (Apple Store);Gerente de Loja;Gerente;Sao Paulo-SP;Presencial;F;39;4.0;08/2022;5000;8226;3;4;8;1;10;nao;sim
EMP0116;Varejo - Loja (Apple Store);Estoquista;Junior;Remoto-BR;Presencial;M;33;0.2;02/2025;4500;2656;3;3;0;1;21;nao;sim
EMP0117;Engenharia de Software;Tech Lead;Lead;Cupertino-EUA (remoto BR);Remoto;M;40;0.3;09/2026;20800;48413;3;3;71;0;18;nao;nao
EMP0118;Operacoes e Supply Chain;Analista Logistica;Pleno;Manaus-AM (fabrica);Presencial;M;27;0.9;03/2025;10900;20776;4;5;16;1;4;nao;nao
EMP0119;Marketing e Vendas Corporativas;Analista Marketing;Pleno;Sao Paulo-SP;Presencial;M;22;7.2;01/2018;11400;9707;4;4;53;2;7;sim;nao
EMP0120;Suporte - AppleCare;Atendente Suporte Pl;Pleno;Remoto-BR;Hibrido;M;35;14.9;07/2012;6700;3962;5;4;14;2;19;sim;nao
EMP0121;Financas, RH e Juridico;Gerente Financas/RH;Gerente;Rio-RJ;Presencial;F;38;4.9;04/2021;26100;52977;4;4;0;10;9;nao;sim
EMP0122;Hardware e Design de Produto;Eng. Hardware Pl;Pleno;Sao Paulo-SP;Presencial;M;27;6.2;07/2019;12400;17414;4;5;33;3;7;nao;nao
EMP0123;Operacoes e Supply Chain;Coordenador Operacoes;Senior;Sao Paulo-SP;Remoto;F;38;4.8;04/2022;20000;31113;5;5;30;0;1;nao;nao
EMP0124;Hardware e Design de Produto;Eng. Hardware Sr;Senior;Remoto-BR;Hibrido;F;42;6.4;06/2020;17600;10006;3;3;21;2;11;nao;nao
EMP0125;Suporte - AppleCare;Atendente Suporte Pl;Pleno;Sao Paulo-SP;Presencial;F;38;3.7;05/2023;7800;9616;3;4;0;3;6;nao;nao
EMP0126;Engenharia de Software;Gerente Engenharia;Gerente;Remoto-BR;Remoto;M;32;0.2;11/2026;23800;15766;3;4;56;0;10;nao;nao
EMP0127;Varejo - Loja (Apple Store);Especialista Vendas;Junior;Remoto-BR;Presencial;M;24;0.2;01/2026;3800;6016;4;4;21;3;3;nao;nao
EMP0128;Financas, RH e Juridico;Analista RH;Pleno;Sao Paulo-SP;Presencial;F;37;5.9;07/2020;10200;19777;5;5;26;1;0;nao;nao
EMP0129;Financas, RH e Juridico;Analista Financeiro;Pleno;Sao Paulo-SP;Presencial;M;35;0.7;07/2025;12300;12261;4;4;18;7;21;nao;sim
EMP0130;Marketing e Vendas Corporativas;Gerente Marketing;Gerente;Manaus-AM (fabrica);Presencial;F;50;8.0;01/2018;25000;57708;4;4;25;5;9;nao;nao
EMP0131;Hardware e Design de Produto;Eng. Hardware Pl;Pleno;Remoto-BR;Remoto;M;26;4.7;12/2022;12600;15764;3;4;39;5;6;nao;nao
EMP0132;Suporte - AppleCare;Supervisor Suporte;Senior;Cupertino-EUA (remoto BR);Hibrido;F;30;2.4;07/2023;9600;14587;5;5;18;4;6;nao;sim
EMP0133;Engenharia de Software;Eng. Software Pl;Pleno;Remoto-BR;Presencial;F;40;1.6;03/2024;10200;11693;4;4;33;0;0;nao;nao
EMP0134;Suporte - AppleCare;Atendente Suporte Pl;Pleno;Sao Paulo-SP;Presencial;M;32;17.2;09/2008;6400;6855;3;4;33;0;11;nao;nao
EMP0135;Varejo - Loja (Apple Store);Lider de Loja;Senior;Rio-RJ;Presencial;M;32;3.4;03/2022;4800;9231;3;5;42;1;3;nao;nao
EMP0136;Operacoes e Supply Chain;Analista Supply Pl;Pleno;Sao Paulo-SP;Hibrido;M;29;1.8;12/2024;12500;15456;4;5;18;5;1;sim;nao
EMP0137;Varejo - Loja (Apple Store);Gerente de Loja;Gerente;Manaus-AM (fabrica);Presencial;M;46;10.0;05/2015;6400;5023;4;4;2;0;14;sim;sim
EMP0138;Engenharia de Software;Tech Lead;Lead;Rio-RJ;Presencial;NB;25;2.5;12/2024;23000;16598;4;4;35;2;14;nao;sim
EMP0139;Hardware e Design de Produto;Eng. Hardware Sr;Senior;Sao Paulo-SP;Hibrido;M;26;11.9;07/2014;16300;10560;3;5;64;3;6;nao;nao
EMP0140;Design e Experiencia (UI/UX);Lead Designer;Lead;Rio-RJ;Hibrido;M;32;0.4;02/2025;20600;51176;4;4;34;0;8;nao;nao
EMP0141;Varejo - Loja (Apple Store);Lider de Loja;Senior;Remoto-BR;Presencial;F;46;0.2;02/2025;5400;4031;4;3;22;0;12;nao;nao
EMP0142;Financas, RH e Juridico;Analista RH;Pleno;Rio-RJ;Hibrido;F;29;4.7;08/2022;12100;13107;3;5;14;4;3;nao;sim
EMP0143;Engenharia de Software;Gerente Engenharia;Gerente;Sao Paulo-SP;Presencial;M;32;2.6;10/2024;26900;38075;5;4;49;0;9;nao;nao
EMP0144;Marketing e Vendas Corporativas;Gerente Marketing;Gerente;Sao Paulo-SP;Presencial;F;32;4.1;07/2022;28800;51001;4;5;32;7;0;nao;nao
EMP0145;Engenharia de Software;Eng. Software Sr;Senior;Sao Paulo-SP;Presencial;M;41;0.2;07/2025;21600;27176;4;5;40;5;0;nao;nao
EMP0146;Engenharia de Software;Eng. Software Jr;Junior;Rio-RJ;Presencial;F;35;5.3;08/2021;7100;4755;4;4;57;1;12;nao;sim
EMP0147;Suporte - AppleCare;Supervisor Suporte;Senior;Sao Paulo-SP;Presencial;M;30;7.3;05/2018;9400;16215;3;5;41;0;0;nao;nao
EMP0148;Varejo - Loja (Apple Store);Estoquista;Junior;Manaus-AM (fabrica);Presencial;M;23;5.9;10/2021;4200;3870;3;5;20;1;2;nao;nao
EMP0149;Operacoes e Supply Chain;Analista Logistica;Pleno;Sao Paulo-SP;Hibrido;F;40;3.7;03/2023;10800;16924;4;4;1;2;9;nao;nao
EMP0150;Varejo - Loja (Apple Store);Lider de Loja;Senior;Sao Paulo-SP;Presencial;M;23;4.2;08/2022;5900;5846;4;3;24;3;18;nao;nao
EMP0151;Design e Experiencia (UI/UX);Designer Jr;Junior;Rio-RJ;Presencial;M;38;1.4;09/2024;7100;9579;3;5;25;0;0;nao;nao
EMP0152;Suporte - AppleCare;Atendente Suporte Pl;Pleno;Sao Paulo-SP;Remoto;F;19;2.0;03/2024;8000;7622;4;3;2;1;16;sim;nao
EMP0153;Varejo - Loja (Apple Store);Especialista Vendas;Junior;Cupertino-EUA (remoto BR);Presencial;M;35;4.3;08/2021;3800;5283;5;4;22;1;1;sim;nao
EMP0154;Varejo - Loja (Apple Store);Lider de Loja;Senior;Sao Paulo-SP;Presencial;M;39;7.4;03/2018;5300;8033;4;3;32;0;15;sim;sim
EMP0155;Suporte - AppleCare;Atendente Suporte Pl;Pleno;Remoto-BR;Presencial;F;37;0.5;06/2026;8200;7968;3;4;33;2;11;nao;nao
EMP0156;Varejo - Loja (Apple Store);Especialista Vendas;Junior;Rio-RJ;Presencial;F;24;4.8;01/2021;4900;8284;3;3;38;3;8;nao;sim
EMP0157;Marketing e Vendas Corporativas;Analista Marketing;Pleno;Manaus-AM (fabrica);Presencial;F;40;1.6;08/2025;13500;22349;3;4;24;0;7;nao;sim
EMP0158;Suporte - AppleCare;Supervisor Suporte;Senior;Sao Paulo-SP;Hibrido;M;26;3.6;03/2023;9100;8780;4;5;23;2;3;sim;nao
EMP0159;Operacoes e Supply Chain;Analista Logistica;Pleno;Sao Paulo-SP;Presencial;M;34;9.0;10/2016;12200;11760;4;4;0;3;4;nao;sim
EMP0160;Financas, RH e Juridico;Advogado Jr;Junior;Sao Paulo-SP;Presencial;M;32;5.2;07/2020;6400;3813;5;4;4;1;3;sim;nao
EMP0161;Varejo - Loja (Apple Store);Estoquista;Junior;Sao Paulo-SP;Presencial;M;32;4.7;01/2021;4100;4951;3;5;29;5;5;nao;nao
EMP0162;Marketing e Vendas Corporativas;Gerente Marketing;Gerente;Remoto-BR;Presencial;F;40;6.1;02/2020;27900;67205;3;5;48;9;9;nao;sim
EMP0163;Varejo - Loja (Apple Store);Estoquista;Junior;Rio-RJ;Presencial;F;26;1.2;12/2025;4600;5501;4;5;14;0;2;nao;nao
EMP0164;Suporte - AppleCare;Atendente Suporte Jr;Junior;Sao Paulo-SP;Remoto;F;23;4.1;06/2021;4600;6835;3;3;4;2;13;nao;sim
EMP0165;Varejo - Loja (Apple Store);Especialista Vendas;Junior;Manaus-AM (fabrica);Presencial;F;39;6.5;06/2019;4400;7136;4;5;15;1;1;nao;sim
EMP0166;Varejo - Loja (Apple Store);Genius (Suporte Loja);Pleno;Sao Paulo-SP;Presencial;F;37;4.7;05/2021;4100;7852;2;3;43;0;14;nao;sim
EMP0167;Hardware e Design de Produto;Eng. Hardware Jr;Junior;Remoto-BR;Remoto;F;31;0.4;11/2025;6500;10120;4;5;33;0;1;nao;nao
EMP0168;Financas, RH e Juridico;Gerente Financas/RH;Gerente;Remoto-BR;Hibrido;F;36;1.8;12/2024;28400;23705;4;3;39;0;13;nao;sim
EMP0169;Engenharia de Software;Tech Lead;Lead;Cupertino-EUA (remoto BR);Hibrido;M;28;5.9;02/2020;21300;40676;3;5;33;4;5;nao;nao
EMP0170;Financas, RH e Juridico;Analista Financeiro;Pleno;Sao Paulo-SP;Hibrido;M;32;4.0;04/2021;13300;12135;4;5;26;2;1;nao;nao
EMP0171;Marketing e Vendas Corporativas;Executivo Vendas B2B;Pleno;Sao Paulo-SP;Presencial;F;39;2.6;09/2024;12900;25594;5;5;10;1;6;nao;nao
EMP0172;Design e Experiencia (UI/UX);Designer Pl;Pleno;Sao Paulo-SP;Hibrido;F;36;5.8;06/2020;12800;25592;3;5;22;0;7;nao;nao
EMP0173;Marketing e Vendas Corporativas;Analista Marketing;Pleno;Rio-RJ;Remoto;M;41;9.6;03/2017;10500;14582;4;5;2;0;8;nao;nao
EMP0174;Varejo - Loja (Apple Store);Gerente de Loja;Gerente;Manaus-AM (fabrica);Presencial;M;43;0.7;01/2025;5200;5598;3;5;23;0;7;nao;sim
EMP0175;Suporte - AppleCare;Atendente Suporte Pl;Pleno;Sao Paulo-SP;Presencial;M;36;2.6;02/2023;6900;13198;4;4;28;0;5;sim;nao
EMP0176;Suporte - AppleCare;Atendente Suporte Pl;Pleno;Remoto-BR;Presencial;M;27;5.4;10/2020;7900;8433;2;4;11;0;7;nao;nao
EMP0177;Varejo - Loja (Apple Store);Gerente de Loja;Gerente;Sao Paulo-SP;Presencial;M;39;2.9;03/2024;5400;4329;3;4;34;9;4;nao;nao
EMP0178;Varejo - Loja (Apple Store);Estoquista;Junior;Cupertino-EUA (remoto BR);Presencial;F;39;0.4;07/2025;4400;4969;4;4;37;1;11;nao;nao
EMP0179;Operacoes e Supply Chain;Analista Supply Pl;Pleno;Sao Paulo-SP;Presencial;M;32;10.6;03/2015;13300;9860;4;4;40;1;17;nao;nao
EMP0180;Suporte - AppleCare;Atendente Suporte Pl;Pleno;Manaus-AM (fabrica);Presencial;M;36;0.8;12/2025;7300;13785;4;5;18;0;0;nao;nao
EMP0181;Varejo - Loja (Apple Store);Lider de Loja;Senior;Sao Paulo-SP;Presencial;M;30;3.2;01/2022;4600;6703;5;3;21;4;14;nao;nao
EMP0182;Hardware e Design de Produto;Gerente Hardware;Gerente;Sao Paulo-SP;Remoto;F;28;2.2;05/2023;28500;26924;4;5;33;4;4;sim;nao
EMP0183;Hardware e Design de Produto;Eng. Hardware Jr;Junior;Rio-RJ;Remoto;F;19;2.3;08/2024;6500;7099;3;5;36;2;5;nao;nao
EMP0184;Financas, RH e Juridico;Analista RH;Pleno;Sao Paulo-SP;Hibrido;F;55;5.8;07/2020;10200;15551;3;4;50;2;8;nao;nao
EMP0185;Suporte - AppleCare;Atendente Suporte Jr;Junior;Sao Paulo-SP;Hibrido;M;40;8.7;12/2017;5800;7446;3;4;31;2;2;nao;nao
EMP0186;Financas, RH e Juridico;Analista Financeiro;Pleno;Remoto-BR;Presencial;F;26;1.9;08/2024;12100;14635;3;5;37;3;7;nao;nao
EMP0187;Design e Experiencia (UI/UX);Designer Sr;Senior;Remoto-BR;Presencial;M;33;1.4;05/2025;17400;21531;4;5;17;0;4;nao;nao
EMP0188;Varejo - Loja (Apple Store);Estoquista;Junior;Sao Paulo-SP;Presencial;M;36;6.1;09/2020;5000;8657;4;4;23;2;4;sim;nao
EMP0189;Marketing e Vendas Corporativas;Analista Marketing;Pleno;Sao Paulo-SP;Remoto;F;35;0.2;04/2025;10900;18914;4;4;23;0;0;nao;nao
EMP0190;Varejo - Loja (Apple Store);Genius (Suporte Loja);Pleno;Manaus-AM (fabrica);Presencial;M;25;1.0;02/2025;4100;4427;5;4;40;5;12;nao;nao
EMP0191;Varejo - Loja (Apple Store);Estoquista;Junior;Remoto-BR;Presencial;M;45;2.2;03/2023;4600;2358;3;4;51;10;7;nao;nao
EMP0192;Varejo - Loja (Apple Store);Lider de Loja;Senior;Manaus-AM (fabrica);Presencial;F;30;3.4;01/2023;5100;7617;5;4;11;2;11;sim;sim
EMP0193;Engenharia de Software;Eng. Software Sr;Senior;Remoto-BR;Remoto;F;29;1.2;04/2024;21200;36212;2;5;20;3;7;nao;nao
EMP0194;Varejo - Loja (Apple Store);Estoquista;Junior;Sao Paulo-SP;Presencial;F;46;3.0;12/2022;4800;7341;4;5;10;1;3;sim;nao
EMP0195;Varejo - Loja (Apple Store);Gerente de Loja;Gerente;Sao Paulo-SP;Presencial;F;33;5.0;11/2020;6500;12519;5;4;34;1;8;nao;nao
EMP0196;Varejo - Loja (Apple Store);Lider de Loja;Senior;Manaus-AM (fabrica);Presencial;M;19;0.3;09/2026;4500;6844;3;5;21;0;1;nao;nao
EMP0197;Design e Experiencia (UI/UX);Lead Designer;Lead;Sao Paulo-SP;Remoto;F;40;15.1;01/2010;19800;23430;4;5;14;2;5;nao;nao
EMP0198;Varejo - Loja (Apple Store);Lider de Loja;Senior;Cupertino-EUA (remoto BR);Presencial;F;39;1.6;06/2024;5500;7131;4;4;24;0;8;nao;sim
EMP0199;Engenharia de Software;Gerente Engenharia;Gerente;Remoto-BR;Presencial;M;32;4.6;06/2022;27300;54305;4;3;77;4;18;sim;nao
EMP0200;Operacoes e Supply Chain;Analista Logistica;Pleno;Sao Paulo-SP;Hibrido;F;32;0.6;11/2025;12900;13709;3;5;4;2;0;nao;sim
EMP0201;Engenharia de Software;Eng. Software Jr;Junior;Sao Paulo-SP;Presencial;M;38;4.2;11/2021;7200;6852;4;5;21;2;0;sim;nao
EMP0202;Engenharia de Software;Gerente Engenharia;Gerente;Sao Paulo-SP;Presencial;F;35;1.1;04/2025;26600;38544;4;5;55;3;9;nao;nao
EMP0203;Hardware e Design de Produto;Eng. Hardware Jr;Junior;Remoto-BR;Remoto;M;31;0.3;12/2026;7400;13743;3;5;26;0;0;nao;sim
EMP0204;Operacoes e Supply Chain;Analista Logistica;Pleno;Manaus-AM (fabrica);Presencial;M;30;6.7;01/2020;13100;19584;4;4;36;2;7;nao;sim
EMP0205;Operacoes e Supply Chain;Analista Supply Pl;Pleno;Sao Paulo-SP;Presencial;M;40;2.3;03/2023;10300;15905;3;3;36;1;18;nao;nao
EMP0206;Operacoes e Supply Chain;Gerente Operacoes;Gerente;Sao Paulo-SP;Presencial;F;45;6.4;03/2020;27700;44370;4;4;13;3;9;sim;nao
EMP0207;Varejo - Loja (Apple Store);Gerente de Loja;Gerente;Remoto-BR;Presencial;M;40;4.1;07/2022;6100;6921;3;4;42;5;2;nao;nao
EMP0208;Financas, RH e Juridico;Analista Financeiro;Pleno;Sao Paulo-SP;Remoto;M;24;0.6;06/2026;10800;21116;4;4;27;1;9;nao;nao
EMP0209;Varejo - Loja (Apple Store);Gerente de Loja;Gerente;Cupertino-EUA (remoto BR);Presencial;M;40;3.7;07/2022;4900;8431;4;4;0;3;12;nao;nao
EMP0210;Varejo - Loja (Apple Store);Lider de Loja;Senior;Manaus-AM (fabrica);Presencial;F;35;2.9;08/2024;5500;5747;4;4;25;0;5;sim;nao
EMP0211;Suporte - AppleCare;Supervisor Suporte;Senior;Remoto-BR;Hibrido;F;36;4.4;02/2022;9000;7144;4;3;44;5;16;sim;nao
EMP0212;Suporte - AppleCare;Atendente Suporte Jr;Junior;Manaus-AM (fabrica);Presencial;M;35;3.8;03/2023;6400;3241;3;4;5;2;7;nao;nao
EMP0213;Suporte - AppleCare;Atendente Suporte Jr;Junior;Remoto-BR;Presencial;M;43;3.3;07/2022;5400;7632;4;4;13;1;6;sim;nao
EMP0214;Engenharia de Software;Gerente Engenharia;Gerente;Remoto-BR;Hibrido;F;29;4.4;11/2022;25300;26791;2;5;17;0;2;nao;nao
EMP0215;Financas, RH e Juridico;Analista RH;Pleno;Remoto-BR;Hibrido;F;39;2.3;11/2024;12600;19043;4;5;12;1;10;sim;nao
EMP0216;Design e Experiencia (UI/UX);Designer Jr;Junior;Remoto-BR;Presencial;M;37;1.0;12/2025;7600;6125;4;5;20;2;0;nao;nao
EMP0217;Varejo - Loja (Apple Store);Genius (Suporte Loja);Pleno;Remoto-BR;Presencial;F;37;1.2;07/2025;4300;8320;2;3;22;0;13;nao;sim
EMP0218;Varejo - Loja (Apple Store);Lider de Loja;Senior;Rio-RJ;Presencial;M;25;2.8;12/2024;5900;5553;3;3;44;0;12;nao;sim
EMP0219;Design e Experiencia (UI/UX);Lead Designer;Lead;Sao Paulo-SP;Presencial;F;34;2.2;01/2024;20900;26733;4;4;34;3;18;nao;nao
EMP0220;Design e Experiencia (UI/UX);Designer Sr;Senior;Remoto-BR;Remoto;M;35;2.7;06/2023;17100;14022;3;4;36;4;2;nao;nao
EMP0221;Financas, RH e Juridico;Analista Financeiro;Pleno;Sao Paulo-SP;Presencial;F;22;1.0;06/2024;11300;19145;2;5;31;0;8;nao;nao
EMP0222;Suporte - AppleCare;Supervisor Suporte;Senior;Rio-RJ;Presencial;F;38;2.5;03/2024;11400;18923;3;5;19;2;0;nao;nao
EMP0223;Varejo - Loja (Apple Store);Especialista Vendas;Junior;Sao Paulo-SP;Presencial;M;33;5.9;11/2020;4000;4755;3;3;29;4;6;nao;nao
EMP0224;Varejo - Loja (Apple Store);Genius (Suporte Loja);Pleno;Manaus-AM (fabrica);Presencial;M;28;1.7;01/2024;4700;6709;4;4;4;0;8;nao;sim
EMP0225;Suporte - AppleCare;Atendente Suporte Pl;Pleno;Remoto-BR;Presencial;M;23;0.2;04/2025;6300;6844;5;5;5;0;10;nao;nao
EMP0226;Marketing e Vendas Corporativas;Gerente Marketing;Gerente;Remoto-BR;Remoto;F;37;0.2;07/2026;28200;70404;3;5;47;1;1;nao;nao
EMP0227;Varejo - Loja (Apple Store);Gerente de Loja;Gerente;Sao Paulo-SP;Presencial;M;33;3.9;01/2023;6400;15795;4;3;23;1;14;sim;sim
EMP0228;Suporte - AppleCare;Atendente Suporte Pl;Pleno;Manaus-AM (fabrica);Presencial;M;34;0.3;08/2025;7000;9971;4;5;42;1;5;nao;nao
EMP0229;Varejo - Loja (Apple Store);Especialista Vendas;Junior;Sao Paulo-SP;Presencial;M;29;1.6;06/2025;5000;5971;3;4;33;0;4;nao;nao
EMP0230;Operacoes e Supply Chain;Analista Supply Pl;Pleno;Manaus-AM (fabrica);Presencial;M;24;7.8;11/2019;10000;13728;3;5;35;2;0;nao;nao
EMP0231;Financas, RH e Juridico;Gerente Financas/RH;Gerente;Remoto-BR;Presencial;F;42;6.8;09/2019;28000;39864;3;5;23;4;0;nao;nao
EMP0232;Engenharia de Software;Gerente Engenharia;Gerente;Sao Paulo-SP;Presencial;M;19;0.6;06/2026;23700;50596;3;4;51;3;5;nao;nao
EMP0233;Suporte - AppleCare;Atendente Suporte Pl;Pleno;Remoto-BR;Hibrido;F;41;4.3;05/2022;7900;7070;4;5;21;1;4;nao;nao
EMP0234;Varejo - Loja (Apple Store);Lider de Loja;Senior;Manaus-AM (fabrica);Presencial;F;37;5.5;01/2021;5100;3613;3;4;29;0;9;nao;sim
EMP0235;Design e Experiencia (UI/UX);Designer Jr;Junior;Remoto-BR;Presencial;F;43;2.3;11/2024;7700;4109;4;4;29;2;12;sim;nao
EMP0236;Engenharia de Software;Eng. Software Sr;Senior;Manaus-AM (fabrica);Presencial;F;45;7.4;05/2019;21500;17735;3;5;29;0;0;nao;nao
EMP0237;Engenharia de Software;Gerente Engenharia;Gerente;Rio-RJ;Presencial;M;32;1.5;10/2024;24000;33300;5;5;42;7;5;nao;nao
EMP0238;Operacoes e Supply Chain;Analista Logistica;Pleno;Sao Paulo-SP;Remoto;M;41;4.9;11/2021;10400;14614;3;5;0;3;10;nao;nao
EMP0239;Design e Experiencia (UI/UX);Designer Jr;Junior;Remoto-BR;Presencial;M;20;1.5;12/2025;7100;8081;4;5;49;0;4;nao;nao
EMP0240;Varejo - Loja (Apple Store);Estoquista;Junior;Sao Paulo-SP;Presencial;M;30;0.2;12/2026;4900;5455;3;4;33;0;12;nao;nao
EMP0241;Varejo - Loja (Apple Store);Gerente de Loja;Gerente;Sao Paulo-SP;Presencial;M;22;2.3;09/2023;5700;14692;4;4;11;0;0;nao;sim
EMP0242;Hardware e Design de Produto;Eng. Hardware Pl;Pleno;Sao Paulo-SP;Hibrido;M;37;4.0;07/2021;13600;6907;3;5;44;1;7;nao;sim
EMP0243;Hardware e Design de Produto;Eng. Hardware Jr;Junior;Remoto-BR;Hibrido;M;24;1.2;01/2025;8000;13842;4;5;27;3;0;nao;nao
EMP0244;Hardware e Design de Produto;Eng. Hardware Jr;Junior;Rio-RJ;Hibrido;M;25;1.6;03/2025;6000;5483;3;5;53;0;0;nao;sim
EMP0245;Suporte - AppleCare;Atendente Suporte Jr;Junior;Remoto-BR;Hibrido;M;27;5.9;04/2020;5500;6082;3;4;24;2;11;nao;nao
EMP0246;Hardware e Design de Produto;Eng. Hardware Jr;Junior;Rio-RJ;Remoto;M;38;4.1;10/2022;6900;5967;3;5;61;6;0;nao;nao
EMP0247;Varejo - Loja (Apple Store);Estoquista;Junior;Sao Paulo-SP;Presencial;NB;31;1.3;09/2025;4500;6980;3;4;36;4;7;nao;nao
EMP0248;Varejo - Loja (Apple Store);Genius (Suporte Loja);Pleno;Remoto-BR;Presencial;M;31;4.0;08/2022;4800;4091;5;3;35;5;8;nao;sim
EMP0249;Suporte - AppleCare;Atendente Suporte Jr;Junior;Manaus-AM (fabrica);Presencial;M;23;2.7;08/2023;5300;5157;3;4;5;0;17;nao;sim
EMP0250;Suporte - AppleCare;Supervisor Suporte;Senior;Sao Paulo-SP;Presencial;M;47;2.3;09/2024;9300;16652;4;4;7;2;9;sim;sim
EMP0251;Varejo - Loja (Apple Store);Lider de Loja;Senior;Remoto-BR;Presencial;M;33;0.9;10/2025;4800;3724;5;5;31;1;2;nao;nao
EMP0252;Varejo - Loja (Apple Store);Gerente de Loja;Gerente;Sao Paulo-SP;Presencial;F;39;0.9;07/2025;5200;11492;4;3;7;1;7;nao;sim
EMP0253;Marketing e Vendas Corporativas;Gerente Marketing;Gerente;Remoto-BR;Hibrido;M;30;2.9;12/2023;24800;26539;5;4;52;4;4;sim;nao
EMP0254;Varejo - Loja (Apple Store);Estoquista;Junior;Sao Paulo-SP;Presencial;F;29;3.0;09/2023;4000;6681;3;4;41;4;2;nao;nao
EMP0255;Design e Experiencia (UI/UX);Designer Sr;Senior;Remoto-BR;Remoto;M;22;1.9;07/2025;20900;12686;2;4;33;1;7;nao;nao
EMP0256;Varejo - Loja (Apple Store);Estoquista;Junior;Manaus-AM (fabrica);Presencial;M;33;2.1;01/2023;3900;3322;3;4;48;0;7;nao;nao
EMP0257;Engenharia de Software;Tech Lead;Lead;Remoto-BR;Presencial;F;34;1.1;11/2024;26900;37934;3;4;64;0;6;nao;nao
EMP0258;Engenharia de Software;Eng. Software Jr;Junior;Remoto-BR;Remoto;F;19;2.7;08/2023;6100;11728;4;5;35;4;0;nao;nao
EMP0259;Varejo - Loja (Apple Store);Gerente de Loja;Gerente;Sao Paulo-SP;Presencial;M;36;1.6;05/2024;4800;8018;3;4;15;2;8;nao;nao
EMP0260;Varejo - Loja (Apple Store);Lider de Loja;Senior;Sao Paulo-SP;Presencial;M;22;2.8;09/2023;5000;4374;3;4;2;0;6;nao;sim
EMP0261;Varejo - Loja (Apple Store);Gerente de Loja;Gerente;Rio-RJ;Presencial;M;31;4.8;07/2022;5200;4074;3;4;29;1;9;nao;nao
EMP0262;Varejo - Loja (Apple Store);Estoquista;Junior;Sao Paulo-SP;Presencial;M;35;1.1;12/2025;3700;2350;4;3;24;4;12;nao;sim
EMP0263;Design e Experiencia (UI/UX);Designer Jr;Junior;Sao Paulo-SP;Remoto;M;46;0.3;04/2025;7800;6825;4;5;25;3;4;nao;nao
EMP0264;Financas, RH e Juridico;Analista RH;Pleno;Remoto-BR;Presencial;M;35;14.1;11/2011;13600;25898;3;5;44;2;10;nao;nao
EMP0265;Varejo - Loja (Apple Store);Estoquista;Junior;Sao Paulo-SP;Presencial;M;34;3.5;03/2022;4900;6747;4;5;30;2;4;nao;nao
EMP0266;Engenharia de Software;Eng. Software Jr;Junior;Sao Paulo-SP;Hibrido;M;22;5.0;06/2020;7300;11329;5;4;32;11;5;nao;nao
EMP0267;Operacoes e Supply Chain;Gerente Operacoes;Gerente;Remoto-BR;Presencial;F;33;0.2;09/2026;26000;52239;3;4;32;3;6;nao;nao
EMP0268;Operacoes e Supply Chain;Analista Supply Pl;Pleno;Sao Paulo-SP;Presencial;F;33;0.2;07/2026;12700;23169;4;5;14;1;0;nao;sim
EMP0269;Financas, RH e Juridico;Gerente Financas/RH;Gerente;Sao Paulo-SP;Hibrido;M;37;1.8;02/2024;28100;21918;4;5;17;0;6;nao;nao
EMP0270;Varejo - Loja (Apple Store);Lider de Loja;Senior;Remoto-BR;Presencial;M;33;3.3;04/2022;5400;10220;4;4;9;1;11;nao;nao
EMP0271;Operacoes e Supply Chain;Analista Logistica;Pleno;Rio-RJ;Presencial;F;40;10.1;02/2016;10200;8634;4;5;30;2;2;nao;nao
EMP0272;Varejo - Loja (Apple Store);Especialista Vendas;Junior;Rio-RJ;Presencial;M;31;0.4;09/2026;4300;4326;3;3;69;1;19;nao;sim
EMP0273;Financas, RH e Juridico;Advogado Jr;Junior;Rio-RJ;Presencial;M;37;1.0;07/2025;7500;14169;3;5;62;1;4;nao;nao
EMP0274;Financas, RH e Juridico;Analista Financeiro;Pleno;Remoto-BR;Remoto;F;32;6.8;12/2019;13000;24422;4;5;22;0;0;nao;nao
EMP0275;Hardware e Design de Produto;Eng. Hardware Pl;Pleno;Sao Paulo-SP;Remoto;F;19;4.6;08/2022;10500;18254;5;5;21;2;2;sim;nao
EMP0276;Varejo - Loja (Apple Store);Especialista Vendas;Junior;Rio-RJ;Presencial;F;40;9.3;04/2016;4800;8516;3;3;14;0;15;nao;sim
EMP0277;Hardware e Design de Produto;Eng. Hardware Pl;Pleno;Sao Paulo-SP;Hibrido;F;21;12.4;10/2014;11800;9830;1;4;54;0;3;nao;nao
EMP0278;Engenharia de Software;Tech Lead;Lead;Sao Paulo-SP;Presencial;M;29;2.3;07/2023;24800;25603;2;5;23;0;0;nao;nao
EMP0279;Hardware e Design de Produto;Eng. Hardware Jr;Junior;Sao Paulo-SP;Presencial;F;36;3.7;03/2023;8000;11394;4;4;38;0;11;nao;sim
EMP0280;Design e Experiencia (UI/UX);Designer Jr;Junior;Sao Paulo-SP;Presencial;M;48;6.0;12/2019;7600;7278;3;5;26;0;0;nao;nao
EMP0281;Suporte - AppleCare;Supervisor Suporte;Senior;Remoto-BR;Hibrido;F;33;3.1;01/2023;9100;5370;3;4;46;1;10;nao;nao
EMP0282;Engenharia de Software;Eng. Software Sr;Senior;Remoto-BR;Remoto;F;39;7.5;07/2018;18800;29413;4;4;30;0;10;sim;nao
EMP0283;Varejo - Loja (Apple Store);Especialista Vendas;Junior;Sao Paulo-SP;Presencial;F;20;0.2;06/2026;4600;3929;4;4;21;2;15;nao;nao
EMP0284;Marketing e Vendas Corporativas;Analista Marketing;Pleno;Manaus-AM (fabrica);Presencial;F;29;0.5;09/2026;13500;19152;4;5;16;0;1;nao;nao
EMP0285;Marketing e Vendas Corporativas;Executivo Vendas B2B;Pleno;Cupertino-EUA (remoto BR);Presencial;M;23;0.8;12/2025;12600;16199;3;4;61;0;18;nao;nao
EMP0286;Marketing e Vendas Corporativas;Executivo Vendas B2B;Pleno;Sao Paulo-SP;Hibrido;M;40;0.6;06/2025;13200;14797;5;5;32;6;0;nao;nao
EMP0287;Hardware e Design de Produto;Eng. Hardware Pl;Pleno;Sao Paulo-SP;Presencial;M;29;2.9;04/2023;10700;5768;3;3;52;5;14;nao;nao
EMP0288;Varejo - Loja (Apple Store);Genius (Suporte Loja);Pleno;Manaus-AM (fabrica);Presencial;F;34;5.1;05/2020;5100;4252;4;4;15;0;6;nao;nao
EMP0289;Varejo - Loja (Apple Store);Estoquista;Junior;Manaus-AM (fabrica);Presencial;M;35;6.1;07/2020;4600;7423;3;5;13;4;1;nao;nao
EMP0290;Varejo - Loja (Apple Store);Especialista Vendas;Junior;Manaus-AM (fabrica);Presencial;M;36;1.7;01/2025;4000;4637;4;3;6;0;15;sim;nao
EMP0291;Varejo - Loja (Apple Store);Genius (Suporte Loja);Pleno;Remoto-BR;Presencial;F;28;3.1;09/2023;3900;4369;4;4;26;3;4;sim;nao
EMP0292;Hardware e Design de Produto;Eng. Hardware Pl;Pleno;Remoto-BR;Presencial;F;26;2.6;09/2023;12200;9026;4;4;38;1;3;nao;nao
EMP0293;Engenharia de Software;Eng. Software Pl;Pleno;Sao Paulo-SP;Hibrido;F;28;2.1;02/2024;13300;25810;5;3;40;2;15;nao;nao
EMP0294;Varejo - Loja (Apple Store);Lider de Loja;Senior;Sao Paulo-SP;Presencial;M;31;3.2;09/2022;4700;6781;4;3;14;0;9;sim;sim
EMP0295;Engenharia de Software;Gerente Engenharia;Gerente;Rio-RJ;Presencial;M;41;0.7;10/2026;29400;59232;4;5;31;4;0;nao;nao
EMP0296;Engenharia de Software;Eng. Software Sr;Senior;Sao Paulo-SP;Remoto;M;34;0.2;02/2025;20000;18232;2;5;36;2;0;nao;nao
EMP0297;Suporte - AppleCare;Supervisor Suporte;Senior;Remoto-BR;Presencial;M;22;4.3;06/2021;9100;12400;3;5;0;2;0;nao;nao
EMP0298;Varejo - Loja (Apple Store);Genius (Suporte Loja);Pleno;Manaus-AM (fabrica);Presencial;F;35;2.2;12/2024;5000;8496;4;3;23;2;14;nao;sim
EMP0299;Engenharia de Software;Eng. Software Sr;Senior;Sao Paulo-SP;Presencial;F;21;0.4;07/2025;20100;28622;3;4;41;1;8;nao;nao
EMP0300;Marketing e Vendas Corporativas;Analista Marketing;Pleno;Remoto-BR;Hibrido;M;41;1.4;07/2025;13400;7826;3;5;21;2;0;nao;sim
EMP0301;Varejo - Loja (Apple Store);Estoquista;Junior;Rio-RJ;Presencial;F;40;0.2;11/2026;4500;3370;3;4;18;4;4;nao;nao
EMP0302;Operacoes e Supply Chain;Analista Logistica;Pleno;Sao Paulo-SP;Presencial;M;23;1.3;03/2025;10300;17277;5;4;0;0;7;nao;nao
EMP0303;Varejo - Loja (Apple Store);Genius (Suporte Loja);Pleno;Sao Paulo-SP;Presencial;M;31;5.1;09/2020;4700;3285;4;4;7;2;6;sim;nao
EMP0304;Varejo - Loja (Apple Store);Gerente de Loja;Gerente;Manaus-AM (fabrica);Presencial;M;44;4.8;05/2021;6000;6355;4;4;35;4;9;nao;sim
EMP0305;Engenharia de Software;Eng. Software Jr;Junior;Sao Paulo-SP;Hibrido;M;36;1.3;12/2024;7600;10344;4;5;51;2;7;nao;sim
EMP0306;Engenharia de Software;Eng. Software Jr;Junior;Sao Paulo-SP;Presencial;M;38;3.1;12/2023;6800;7027;5;5;48;4;3;sim;nao
EMP0307;Suporte - AppleCare;Supervisor Suporte;Senior;Sao Paulo-SP;Remoto;M;25;4.0;08/2022;9700;18635;4;3;49;1;15;sim;nao
EMP0308;Hardware e Design de Produto;Eng. Hardware Sr;Senior;Remoto-BR;Presencial;M;28;0.7;10/2026;19200;24228;4;4;53;2;0;nao;sim
EMP0309;Hardware e Design de Produto;Gerente Hardware;Gerente;Cupertino-EUA (remoto BR);Presencial;M;19;1.7;12/2024;28700;62549;3;5;50;0;0;nao;nao
EMP0310;Engenharia de Software;Gerente Engenharia;Gerente;Rio-RJ;Presencial;M;32;2.1;07/2023;24000;20689;4;4;16;2;9;nao;sim
EMP0311;Operacoes e Supply Chain;Analista Logistica;Pleno;Rio-RJ;Hibrido;M;31;2.1;06/2023;11000;18606;5;5;0;3;0;nao;nao
EMP0312;Varejo - Loja (Apple Store);Gerente de Loja;Gerente;Manaus-AM (fabrica);Presencial;F;31;2.8;12/2023;5900;15094;4;3;31;1;11;nao;nao
EMP0313;Suporte - AppleCare;Atendente Suporte Pl;Pleno;Cupertino-EUA (remoto BR);Hibrido;M;28;1.7;07/2025;6300;12575;4;4;16;0;6;nao;nao
EMP0314;Varejo - Loja (Apple Store);Genius (Suporte Loja);Pleno;Sao Paulo-SP;Presencial;F;20;3.2;03/2022;4400;4999;4;3;10;1;10;sim;nao
EMP0315;Suporte - AppleCare;Supervisor Suporte;Senior;Remoto-BR;Presencial;M;19;2.9;02/2024;10100;19620;5;4;35;5;16;nao;nao
EMP0316;Varejo - Loja (Apple Store);Gerente de Loja;Gerente;Manaus-AM (fabrica);Presencial;M;32;0.3;10/2026;5400;4065;2;4;45;2;2;nao;nao
EMP0317;Suporte - AppleCare;Atendente Suporte Pl;Pleno;Cupertino-EUA (remoto BR);Remoto;F;40;3.2;10/2022;6600;9530;5;5;14;1;1;nao;sim
EMP0318;Varejo - Loja (Apple Store);Genius (Suporte Loja);Pleno;Remoto-BR;Presencial;F;38;6.8;02/2019;4600;8579;4;4;2;0;7;nao;sim
EMP0319;Engenharia de Software;Gerente Engenharia;Gerente;Manaus-AM (fabrica);Presencial;F;45;0.6;07/2025;30400;33865;5;5;47;3;0;nao;nao
EMP0320;Varejo - Loja (Apple Store);Especialista Vendas;Junior;Sao Paulo-SP;Presencial;M;19;8.9;11/2017;4800;5817;4;3;47;7;15;sim;nao
EMP0321;Financas, RH e Juridico;Analista Financeiro;Pleno;Sao Paulo-SP;Hibrido;F;40;3.7;05/2022;10900;7056;3;5;11;4;1;nao;nao
EMP0322;Varejo - Loja (Apple Store);Genius (Suporte Loja);Pleno;Remoto-BR;Presencial;NB;33;0.2;07/2025;3900;2557;4;4;27;0;4;nao;sim
EMP0323;Engenharia de Software;Gerente Engenharia;Gerente;Remoto-BR;Remoto;M;25;0.4;03/2026;26800;57339;3;5;18;0;0;nao;nao
EMP0324;Hardware e Design de Produto;Eng. Hardware Jr;Junior;Remoto-BR;Remoto;F;19;5.1;03/2020;7600;6961;4;5;45;0;10;nao;nao
EMP0325;Engenharia de Software;Eng. Software Pl;Pleno;Remoto-BR;Presencial;M;42;0.9;08/2026;12600;8252;5;4;48;1;12;nao;nao
EMP0326;Engenharia de Software;Eng. Software Jr;Junior;Manaus-AM (fabrica);Presencial;F;28;3.0;08/2023;6900;7630;2;4;12;0;3;nao;nao
EMP0327;Varejo - Loja (Apple Store);Lider de Loja;Senior;Sao Paulo-SP;Presencial;NB;30;0.2;11/2026;4400;5728;4;4;22;4;10;nao;nao
EMP0328;Engenharia de Software;Eng. Software Jr;Junior;Manaus-AM (fabrica);Presencial;F;31;4.1;11/2021;6800;5332;4;5;40;0;6;sim;nao
EMP0329;Varejo - Loja (Apple Store);Lider de Loja;Senior;Remoto-BR;Presencial;M;36;0.2;01/2026;5000;4087;4;5;8;6;3;nao;nao
EMP0330;Suporte - AppleCare;Atendente Suporte Jr;Junior;Manaus-AM (fabrica);Presencial;F;28;8.8;12/2017;5800;3024;3;5;0;0;0;nao;nao
EMP0331;Operacoes e Supply Chain;Analista Logistica;Pleno;Rio-RJ;Presencial;M;35;5.7;12/2020;12500;12329;3;3;21;5;12;nao;nao
EMP0332;Suporte - AppleCare;Supervisor Suporte;Senior;Sao Paulo-SP;Presencial;F;34;1.6;04/2024;11200;6283;3;4;41;4;17;nao;sim
EMP0333;Varejo - Loja (Apple Store);Especialista Vendas;Junior;Sao Paulo-SP;Presencial;M;28;4.1;08/2022;4700;3803;3;4;9;8;3;nao;nao
EMP0334;Engenharia de Software;Eng. Software Pl;Pleno;Remoto-BR;Hibrido;F;37;1.9;04/2025;10300;13341;3;5;48;2;9;nao;nao
EMP0335;Suporte - AppleCare;Supervisor Suporte;Senior;Sao Paulo-SP;Presencial;F;43;8.5;03/2017;10400;5872;5;5;14;1;4;nao;nao
EMP0336;Engenharia de Software;Eng. Software Jr;Junior;Manaus-AM (fabrica);Presencial;M;30;7.9;10/2019;7100;8013;4;4;7;0;4;sim;nao
EMP0337;Varejo - Loja (Apple Store);Genius (Suporte Loja);Pleno;Cupertino-EUA (remoto BR);Presencial;M;19;0.5;08/2026;4000;4240;4;4;26;0;4;nao;nao
EMP0338;Engenharia de Software;Gerente Engenharia;Gerente;Sao Paulo-SP;Presencial;M;29;1.5;10/2025;24800;54545;4;4;30;2;17;nao;nao
EMP0339;Varejo - Loja (Apple Store);Gerente de Loja;Gerente;Remoto-BR;Presencial;M;37;4.6;04/2022;5300;7932;3;4;57;7;10;nao;nao
EMP0340;Varejo - Loja (Apple Store);Especialista Vendas;Junior;Sao Paulo-SP;Presencial;M;43;2.3;02/2024;4400;3787;4;4;23;8;7;sim;nao
EMP0341;Varejo - Loja (Apple Store);Especialista Vendas;Junior;Sao Paulo-SP;Presencial;F;23;3.1;08/2023;4900;8875;4;4;38;1;0;nao;nao
EMP0342;Engenharia de Software;Eng. Software Sr;Senior;Remoto-BR;Presencial;M;30;3.0;11/2022;16200;29504;3;5;34;3;4;nao;nao
EMP0343;Engenharia de Software;Eng. Software Sr;Senior;Remoto-BR;Presencial;F;26;2.9;03/2024;21700;18617;3;5;51;2;10;nao;nao
EMP0344;Engenharia de Software;Eng. Software Pl;Pleno;Sao Paulo-SP;Remoto;M;31;1.6;09/2024;11900;8140;4;5;18;1;2;nao;nao
EMP0345;Financas, RH e Juridico;Analista Financeiro;Pleno;Sao Paulo-SP;Remoto;F;30;11.1;03/2014;10900;16847;4;5;24;2;0;sim;nao
EMP0346;Varejo - Loja (Apple Store);Genius (Suporte Loja);Pleno;Remoto-BR;Presencial;M;39;0.2;09/2026;4700;5252;4;4;42;2;3;nao;nao
EMP0347;Operacoes e Supply Chain;Gerente Operacoes;Gerente;Remoto-BR;Hibrido;M;29;0.9;05/2025;30400;22565;5;4;37;7;1;nao;nao
EMP0348;Hardware e Design de Produto;Eng. Hardware Pl;Pleno;Rio-RJ;Hibrido;M;37;0.2;03/2025;11500;12126;4;5;62;11;7;nao;nao
EMP0349;Varejo - Loja (Apple Store);Genius (Suporte Loja);Pleno;Remoto-BR;Presencial;F;46;10.3;03/2016;3700;5948;3;4;21;1;13;nao;sim
EMP0350;Financas, RH e Juridico;Analista RH;Pleno;Rio-RJ;Hibrido;M;31;2.3;11/2023;12000;11545;4;5;40;0;0;sim;nao
EMP0351;Varejo - Loja (Apple Store);Genius (Suporte Loja);Pleno;Rio-RJ;Presencial;F;47;4.0;09/2022;4300;5313;4;4;13;3;2;sim;nao
EMP0352;Varejo - Loja (Apple Store);Lider de Loja;Senior;Cupertino-EUA (remoto BR);Presencial;F;50;0.3;08/2026;5500;6178;3;4;27;6;4;nao;nao
EMP0353;Varejo - Loja (Apple Store);Gerente de Loja;Gerente;Remoto-BR;Presencial;F;43;1.4;10/2025;6200;5099;4;4;41;2;0;nao;nao
EMP0354;Suporte - AppleCare;Atendente Suporte Jr;Junior;Sao Paulo-SP;Remoto;F;19;1.3;08/2025;5600;6692;4;4;24;9;8;nao;nao
EMP0355;Varejo - Loja (Apple Store);Estoquista;Junior;Cupertino-EUA (remoto BR);Presencial;M;34;1.1;02/2025;4600;4796;4;4;25;3;1;nao;nao
EMP0356;Operacoes e Supply Chain;Coordenador Operacoes;Senior;Remoto-BR;Hibrido;M;35;1.3;03/2025;17900;10370;4;5;40;0;0;nao;nao
EMP0357;Varejo - Loja (Apple Store);Especialista Vendas;Junior;Remoto-BR;Presencial;F;45;2.7;11/2024;4900;4445;4;4;10;1;6;sim;sim
EMP0358;Hardware e Design de Produto;Gerente Hardware;Gerente;Cupertino-EUA (remoto BR);Remoto;F;35;6.2;09/2020;28900;65639;5;5;37;4;0;sim;nao
EMP0359;Engenharia de Software;Eng. Software Pl;Pleno;Manaus-AM (fabrica);Presencial;F;24;7.7;06/2019;10500;10048;5;4;32;3;4;nao;nao
EMP0360;Engenharia de Software;Eng. Software Jr;Junior;Cupertino-EUA (remoto BR);Hibrido;F;43;2.0;01/2023;7600;9653;4;4;42;0;7;nao;nao
EMP0361;Suporte - AppleCare;Supervisor Suporte;Senior;Sao Paulo-SP;Remoto;F;31;6.5;10/2020;9400;6963;4;5;23;2;0;sim;nao
EMP0362;Engenharia de Software;Eng. Software Pl;Pleno;Remoto-BR;Remoto;F;34;4.5;09/2022;13100;15878;4;5;30;0;3;nao;nao
EMP0363;Varejo - Loja (Apple Store);Gerente de Loja;Gerente;Sao Paulo-SP;Presencial;NB;36;0.5;12/2026;5400;11114;4;3;32;1;14;nao;nao
EMP0364;Varejo - Loja (Apple Store);Lider de Loja;Senior;Sao Paulo-SP;Presencial;NB;19;7.9;11/2019;4900;2543;4;4;4;2;3;nao;sim
EMP0365;Design e Experiencia (UI/UX);Designer Jr;Junior;Remoto-BR;Remoto;F;30;0.8;07/2026;6100;10718;4;5;12;2;4;nao;nao
EMP0366;Suporte - AppleCare;Supervisor Suporte;Senior;Manaus-AM (fabrica);Presencial;M;56;2.5;08/2023;8600;7533;3;4;24;0;0;nao;sim
EMP0367;Engenharia de Software;Eng. Software Jr;Junior;Manaus-AM (fabrica);Presencial;M;40;0.4;09/2025;7500;12668;5;4;61;0;7;nao;nao
EMP0368;Operacoes e Supply Chain;Analista Logistica;Pleno;Manaus-AM (fabrica);Presencial;M;40;1.3;08/2024;10000;7653;3;5;2;0;0;nao;nao
EMP0369;Hardware e Design de Produto;Gerente Hardware;Gerente;Remoto-BR;Presencial;M;27;3.0;03/2022;28000;39569;3;5;41;1;0;nao;nao
EMP0370;Hardware e Design de Produto;Eng. Hardware Jr;Junior;Remoto-BR;Presencial;F;37;5.1;07/2021;6000;6106;3;5;50;0;1;nao;nao
EMP0371;Varejo - Loja (Apple Store);Especialista Vendas;Junior;Manaus-AM (fabrica);Presencial;F;31;3.8;09/2022;5100;4589;4;5;5;1;5;sim;nao
EMP0372;Operacoes e Supply Chain;Analista Logistica;Pleno;Remoto-BR;Presencial;M;38;0.6;07/2025;10600;15403;3;5;23;0;7;nao;nao
EMP0373;Hardware e Design de Produto;Gerente Hardware;Gerente;Rio-RJ;Hibrido;M;31;3.1;10/2022;30600;48249;3;5;65;1;7;nao;nao
EMP0374;Varejo - Loja (Apple Store);Gerente de Loja;Gerente;Sao Paulo-SP;Presencial;F;22;2.8;11/2024;6100;14226;3;5;19;4;4;nao;nao
EMP0375;Financas, RH e Juridico;Gerente Financas/RH;Gerente;Manaus-AM (fabrica);Presencial;F;36;1.0;05/2025;31000;44950;4;4;0;5;13;nao;nao
EMP0376;Hardware e Design de Produto;Eng. Hardware Pl;Pleno;Sao Paulo-SP;Hibrido;F;37;1.0;08/2025;11700;23247;4;5;55;0;0;nao;sim
EMP0377;Suporte - AppleCare;Atendente Suporte Pl;Pleno;Remoto-BR;Presencial;M;42;0.2;02/2026;6700;6344;3;4;38;3;21;nao;nao
EMP0378;Design e Experiencia (UI/UX);Designer Pl;Pleno;Sao Paulo-SP;Hibrido;M;42;3.0;09/2023;10800;19729;4;5;31;1;5;nao;nao
EMP0379;Suporte - AppleCare;Atendente Suporte Jr;Junior;Manaus-AM (fabrica);Presencial;F;35;1.8;01/2025;5500;5841;4;4;19;3;12;nao;nao
EMP0380;Financas, RH e Juridico;Advogado Jr;Junior;Remoto-BR;Presencial;F;23;0.2;01/2026;7400;12455;2;4;42;9;5;nao;nao
EMP0381;Operacoes e Supply Chain;Analista Logistica;Pleno;Remoto-BR;Presencial;M;54;9.2;05/2017;10200;17687;4;5;34;7;5;nao;nao
EMP0382;Suporte - AppleCare;Atendente Suporte Pl;Pleno;Rio-RJ;Presencial;F;35;4.7;06/2022;7700;13976;3;4;0;2;12;nao;nao
EMP0383;Varejo - Loja (Apple Store);Gerente de Loja;Gerente;Remoto-BR;Presencial;F;44;3.5;03/2023;4800;4992;4;4;42;0;5;nao;nao
EMP0384;Varejo - Loja (Apple Store);Genius (Suporte Loja);Pleno;Rio-RJ;Presencial;M;30;4.7;11/2021;4600;4560;4;4;30;1;7;sim;nao
EMP0385;Varejo - Loja (Apple Store);Especialista Vendas;Junior;Manaus-AM (fabrica);Presencial;M;21;12.8;12/2013;5000;2873;2;4;10;9;2;nao;sim
EMP0386;Varejo - Loja (Apple Store);Especialista Vendas;Junior;Remoto-BR;Presencial;M;22;0.4;04/2026;5100;8772;4;4;48;1;6;nao;sim
EMP0387;Engenharia de Software;Eng. Software Sr;Senior;Remoto-BR;Presencial;F;34;13.1;08/2012;21300;22459;3;4;24;0;2;nao;nao
EMP0388;Varejo - Loja (Apple Store);Genius (Suporte Loja);Pleno;Remoto-BR;Presencial;M;33;0.2;04/2025;4400;4538;4;5;10;3;0;nao;nao
EMP0389;Engenharia de Software;Gerente Engenharia;Gerente;Remoto-BR;Presencial;F;19;2.9;05/2024;24900;40114;5;4;54;3;1;sim;nao
EMP0390;Hardware e Design de Produto;Eng. Hardware Pl;Pleno;Remoto-BR;Remoto;F;28;8.2;05/2017;11800;13613;4;4;61;8;9;nao;nao
EMP0391;Varejo - Loja (Apple Store);Lider de Loja;Senior;Sao Paulo-SP;Presencial;F;40;4.3;08/2021;4300;4449;4;4;7;5;6;nao;sim
EMP0392;Engenharia de Software;Eng. Software Sr;Senior;Sao Paulo-SP;Presencial;M;31;3.1;01/2023;18900;25631;5;5;43;3;2;nao;sim
EMP0393;Varejo - Loja (Apple Store);Especialista Vendas;Junior;Cupertino-EUA (remoto BR);Presencial;M;36;0.3;11/2026;4400;6347;3;4;45;0;6;nao;nao
EMP0394;Varejo - Loja (Apple Store);Gerente de Loja;Gerente;Sao Paulo-SP;Presencial;M;31;4.8;10/2022;5500;7852;5;4;58;0;14;nao;sim
EMP0395;Suporte - AppleCare;Atendente Suporte Pl;Pleno;Remoto-BR;Remoto;F;29;4.7;11/2022;7400;7685;5;4;32;1;12;sim;nao
EMP0396;Varejo - Loja (Apple Store);Especialista Vendas;Junior;Rio-RJ;Presencial;M;26;0.2;08/2025;4700;6915;4;4;0;3;4;nao;sim
EMP0397;Varejo - Loja (Apple Store);Especialista Vendas;Junior;Manaus-AM (fabrica);Presencial;F;46;6.4;05/2020;4600;6101;5;3;15;1;14;nao;nao
EMP0398;Operacoes e Supply Chain;Coordenador Operacoes;Senior;Sao Paulo-SP;Presencial;M;42;0.7;07/2025;16000;17990;4;5;11;4;3;nao;nao
EMP0399;Operacoes e Supply Chain;Coordenador Operacoes;Senior;Manaus-AM (fabrica);Presencial;F;39;3.2;02/2023;18400;9694;5;5;25;1;4;sim;nao
EMP0400;Suporte - AppleCare;Supervisor Suporte;Senior;Remoto-BR;Hibrido;NB;26;4.1;05/2021;8500;5972;5;4;49;0;12;sim;nao
EMP0401;Engenharia de Software;Eng. Software Pl;Pleno;Cupertino-EUA (remoto BR);Hibrido;M;36;2.2;01/2023;10300;19092;4;5;23;0;4;sim;nao
EMP0402;Hardware e Design de Produto;Gerente Hardware;Gerente;Sao Paulo-SP;Presencial;M;28;6.6;10/2020;30000;77943;1;4;43;3;10;nao;nao
EMP0403;Marketing e Vendas Corporativas;Executivo Vendas B2B;Pleno;Sao Paulo-SP;Presencial;F;24;1.1;08/2025;10300;14770;3;5;10;0;1;nao;nao
EMP0404;Varejo - Loja (Apple Store);Lider de Loja;Senior;Sao Paulo-SP;Presencial;M;28;6.5;03/2020;5800;9190;5;5;33;3;3;sim;nao
EMP0405;Financas, RH e Juridico;Analista RH;Pleno;Remoto-BR;Presencial;M;31;0.8;02/2026;12900;24698;3;5;24;21;0;nao;nao
EMP0406;Hardware e Design de Produto;Eng. Hardware Pl;Pleno;Sao Paulo-SP;Remoto;M;36;0.4;09/2025;10700;9488;3;4;51;6;1;nao;nao
EMP0407;Engenharia de Software;Gerente Engenharia;Gerente;Remoto-BR;Presencial;F;47;11.5;02/2015;30500;56084;3;5;34;2;6;nao;nao
EMP0408;Engenharia de Software;Eng. Software Pl;Pleno;Manaus-AM (fabrica);Presencial;F;25;4.6;11/2021;11300;19534;4;5;47;4;7;sim;nao
EMP0409;Varejo - Loja (Apple Store);Estoquista;Junior;Remoto-BR;Presencial;F;34;3.8;09/2022;4300;3621;3;4;9;1;9;nao;nao
EMP0410;Suporte - AppleCare;Atendente Suporte Pl;Pleno;Manaus-AM (fabrica);Presencial;M;32;0.3;07/2025;8300;6195;3;4;33;3;17;nao;nao
EMP0411;Engenharia de Software;Gerente Engenharia;Gerente;Manaus-AM (fabrica);Presencial;M;29;4.5;06/2021;23400;27976;2;5;34;1;0;nao;nao
EMP0412;Varejo - Loja (Apple Store);Gerente de Loja;Gerente;Remoto-BR;Presencial;M;35;0.8;01/2025;5800;8180;3;4;0;2;5;nao;sim
EMP0413;Varejo - Loja (Apple Store);Estoquista;Junior;Remoto-BR;Presencial;F;48;3.1;05/2022;4800;9506;4;4;27;2;9;sim;sim
EMP0414;Varejo - Loja (Apple Store);Especialista Vendas;Junior;Cupertino-EUA (remoto BR);Presencial;F;30;4.8;12/2022;5000;7208;4;4;19;1;0;nao;nao
EMP0415;Varejo - Loja (Apple Store);Lider de Loja;Senior;Remoto-BR;Presencial;F;21;1.6;12/2024;5000;5590;3;3;32;0;13;nao;sim
EMP0416;Varejo - Loja (Apple Store);Lider de Loja;Senior;Remoto-BR;Presencial;F;33;1.9;08/2024;5500;6189;5;4;39;1;11;nao;nao
EMP0417;Varejo - Loja (Apple Store);Genius (Suporte Loja);Pleno;Remoto-BR;Presencial;F;19;0.4;02/2026;3900;5294;3;3;26;14;11;nao;sim
EMP0418;Varejo - Loja (Apple Store);Genius (Suporte Loja);Pleno;Sao Paulo-SP;Presencial;F;47;0.8;08/2026;3700;4888;3;4;25;1;9;nao;nao
EMP0419;Hardware e Design de Produto;Gerente Hardware;Gerente;Remoto-BR;Hibrido;M;34;2.2;08/2023;24700;51112;3;4;51;1;12;nao;nao
EMP0420;Hardware e Design de Produto;Eng. Hardware Jr;Junior;Manaus-AM (fabrica);Presencial;M;24;4.3;12/2022;6500;9540;2;5;35;2;3;nao;nao
EMP0421;Financas, RH e Juridico;Analista RH;Pleno;Rio-RJ;Hibrido;F;28;11.5;04/2014;10800;16831;3;5;13;2;9;nao;nao
EMP0422;Engenharia de Software;Eng. Software Jr;Junior;Sao Paulo-SP;Presencial;F;26;0.3;09/2026;6200;4439;3;4;46;1;4;nao;sim
EMP0423;Varejo - Loja (Apple Store);Estoquista;Junior;Sao Paulo-SP;Presencial;F;37;7.8;02/2018;3800;3265;4;4;17;2;4;nao;sim
EMP0424;Hardware e Design de Produto;Gerente Hardware;Gerente;Sao Paulo-SP;Presencial;M;35;2.8;02/2024;25600;44330;4;4;27;0;6;nao;nao
EMP0425;Financas, RH e Juridico;Advogado Jr;Junior;Remoto-BR;Presencial;F;53;2.8;08/2023;8000;11448;3;4;16;7;2;nao;nao
EMP0426;Hardware e Design de Produto;Gerente Hardware;Gerente;Manaus-AM (fabrica);Presencial;F;37;0.6;02/2026;26100;37084;3;4;45;0;7;nao;nao
EMP0427;Varejo - Loja (Apple Store);Estoquista;Junior;Manaus-AM (fabrica);Presencial;M;46;1.1;06/2025;4200;4996;3;4;22;3;7;nao;sim
EMP0428;Varejo - Loja (Apple Store);Especialista Vendas;Junior;Remoto-BR;Presencial;M;30;2.7;11/2024;4700;6147;2;3;6;0;16;nao;nao
EMP0429;Design e Experiencia (UI/UX);Designer Sr;Senior;Cupertino-EUA (remoto BR);Remoto;M;38;1.6;01/2024;17100;9057;4;5;57;0;2;nao;nao
EMP0430;Suporte - AppleCare;Atendente Suporte Jr;Junior;Manaus-AM (fabrica);Presencial;F;21;3.3;11/2022;5400;9746;4;5;16;3;1;nao;nao
EMP0431;Varejo - Loja (Apple Store);Especialista Vendas;Junior;Remoto-BR;Presencial;F;48;7.5;05/2019;4000;6067;3;3;22;0;17;nao;sim
EMP0432;Varejo - Loja (Apple Store);Lider de Loja;Senior;Remoto-BR;Presencial;F;41;18.6;11/2008;5100;6341;3;4;23;0;6;nao;nao
EMP0433;Varejo - Loja (Apple Store);Estoquista;Junior;Sao Paulo-SP;Presencial;F;32;4.7;07/2022;5100;9565;4;3;36;2;9;sim;nao
EMP0434;Engenharia de Software;Eng. Software Sr;Senior;Rio-RJ;Presencial;M;48;6.0;04/2020;21500;35767;3;5;22;2;0;nao;nao
EMP0435;Engenharia de Software;Eng. Software Jr;Junior;Cupertino-EUA (remoto BR);Remoto;M;34;5.7;10/2020;7200;4310;3;5;22;1;1;nao;nao
EMP0436;Suporte - AppleCare;Atendente Suporte Jr;Junior;Manaus-AM (fabrica);Presencial;M;25;2.0;02/2024;5200;9913;4;4;7;0;9;sim;nao
EMP0437;Engenharia de Software;Eng. Software Pl;Pleno;Manaus-AM (fabrica);Presencial;M;28;3.4;03/2022;12900;7620;4;5;54;4;2;sim;nao
EMP0438;Suporte - AppleCare;Atendente Suporte Jr;Junior;Remoto-BR;Hibrido;F;43;3.8;04/2022;5600;9815;3;4;11;0;11;nao;nao
EMP0439;Suporte - AppleCare;Atendente Suporte Pl;Pleno;Sao Paulo-SP;Hibrido;M;21;6.7;06/2020;7400;8347;4;4;38;0;11;sim;sim
EMP0440;Hardware e Design de Produto;Eng. Hardware Pl;Pleno;Remoto-BR;Presencial;M;35;5.8;07/2020;10600;21039;2;4;44;0;3;nao;nao
EMP0441;Engenharia de Software;Gerente Engenharia;Gerente;Manaus-AM (fabrica);Presencial;NB;36;0.9;03/2025;26400;45705;4;5;42;7;5;nao;sim
EMP0442;Varejo - Loja (Apple Store);Lider de Loja;Senior;Remoto-BR;Presencial;F;36;1.6;03/2024;5900;11597;4;3;23;0;20;sim;nao
EMP0443;Suporte - AppleCare;Atendente Suporte Jr;Junior;Remoto-BR;Hibrido;F;23;8.9;10/2018;5000;6516;4;4;11;4;9;nao;nao
EMP0444;Financas, RH e Juridico;Gerente Financas/RH;Gerente;Sao Paulo-SP;Presencial;M;32;2.5;11/2024;30200;41670;3;5;22;2;1;nao;nao
EMP0445;Financas, RH e Juridico;Gerente Financas/RH;Gerente;Sao Paulo-SP;Presencial;M;32;0.9;04/2025;27000;33660;3;5;11;1;10;nao;nao
EMP0446;Engenharia de Software;Eng. Software Jr;Junior;Sao Paulo-SP;Hibrido;F;43;1.4;07/2024;6700;11435;4;4;53;0;2;nao;nao
EMP0447;Design e Experiencia (UI/UX);Designer Jr;Junior;Sao Paulo-SP;Hibrido;M;39;0.9;06/2025;5900;4722;4;4;36;5;6;nao;nao
EMP0448;Hardware e Design de Produto;Eng. Hardware Pl;Pleno;Manaus-AM (fabrica);Presencial;M;34;1.2;07/2025;13500;23392;4;5;37;13;5;nao;nao
EMP0449;Operacoes e Supply Chain;Analista Supply Pl;Pleno;Sao Paulo-SP;Hibrido;M;20;5.0;08/2021;11200;7042;3;5;10;1;8;nao;nao
EMP0450;Operacoes e Supply Chain;Analista Logistica;Pleno;Cupertino-EUA (remoto BR);Hibrido;F;35;5.8;06/2021;10700;12182;4;5;0;1;5;nao;nao
EMP0451;Engenharia de Software;Eng. Software Pl;Pleno;Sao Paulo-SP;Remoto;F;26;3.3;07/2023;10600;11511;3;4;37;2;1;nao;nao
EMP0452;Marketing e Vendas Corporativas;Analista Marketing;Pleno;Sao Paulo-SP;Hibrido;F;39;0.2;07/2025;10900;9260;3;4;19;2;3;nao;nao
EMP0453;Operacoes e Supply Chain;Gerente Operacoes;Gerente;Cupertino-EUA (remoto BR);Remoto;F;22;1.7;04/2025;24500;25751;4;5;33;2;0;nao;nao
EMP0454;Varejo - Loja (Apple Store);Lider de Loja;Senior;Sao Paulo-SP;Presencial;F;41;5.8;10/2021;5700;6784;4;4;12;6;0;nao;nao
EMP0455;Suporte - AppleCare;Atendente Suporte Pl;Pleno;Cupertino-EUA (remoto BR);Remoto;M;29;3.4;07/2022;8100;6278;4;5;17;0;2;nao;nao
EMP0456;Varejo - Loja (Apple Store);Estoquista;Junior;Remoto-BR;Presencial;M;48;1.9;02/2025;5200;3196;3;3;39;1;16;nao;sim
EMP0457;Varejo - Loja (Apple Store);Lider de Loja;Senior;Sao Paulo-SP;Presencial;M;26;1.8;01/2024;4300;2889;4;4;17;1;12;sim;nao
EMP0458;Hardware e Design de Produto;Gerente Hardware;Gerente;Sao Paulo-SP;Remoto;M;34;0.4;09/2025;30100;29452;4;4;38;1;4;nao;nao
EMP0459;Suporte - AppleCare;Supervisor Suporte;Senior;Remoto-BR;Presencial;F;27;3.8;02/2023;9500;9143;3;5;24;4;8;nao;nao
EMP0460;Design e Experiencia (UI/UX);Designer Pl;Pleno;Sao Paulo-SP;Presencial;F;48;4.0;02/2021;12900;22519;4;4;31;0;6;sim;nao
EMP0461;Engenharia de Software;Eng. Software Pl;Pleno;Manaus-AM (fabrica);Presencial;M;34;1.4;11/2024;11100;12029;4;5;41;3;2;nao;nao
EMP0462;Engenharia de Software;Eng. Software Pl;Pleno;Cupertino-EUA (remoto BR);Hibrido;M;46;5.5;10/2021;10500;20354;4;5;15;3;0;nao;nao
EMP0463;Hardware e Design de Produto;Eng. Hardware Sr;Senior;Manaus-AM (fabrica);Presencial;F;51;2.1;12/2024;17100;23618;4;4;39;6;9;sim;nao
EMP0464;Suporte - AppleCare;Supervisor Suporte;Senior;Sao Paulo-SP;Presencial;M;36;3.6;12/2022;10200;19571;4;4;10;3;7;nao;nao
EMP0465;Financas, RH e Juridico;Advogado Jr;Junior;Rio-RJ;Presencial;M;31;0.2;04/2026;7600;11737;4;4;54;0;7;nao;nao
EMP0466;Engenharia de Software;Tech Lead;Lead;Sao Paulo-SP;Presencial;M;37;0.3;04/2026;21600;17332;4;5;27;0;4;nao;nao
EMP0467;Hardware e Design de Produto;Eng. Hardware Sr;Senior;Remoto-BR;Remoto;F;39;10.6;07/2015;16700;19406;3;5;39;5;0;nao;nao
EMP0468;Engenharia de Software;Tech Lead;Lead;Cupertino-EUA (remoto BR);Presencial;M;30;2.8;07/2023;23300;35754;5;4;54;0;0;nao;nao
EMP0469;Engenharia de Software;Eng. Software Jr;Junior;Manaus-AM (fabrica);Presencial;F;27;1.8;07/2025;6900;10084;4;4;31;7;0;sim;nao
EMP0470;Engenharia de Software;Tech Lead;Lead;Manaus-AM (fabrica);Presencial;M;26;3.5;01/2022;24800;60926;5;4;28;5;4;nao;nao
EMP0471;Varejo - Loja (Apple Store);Genius (Suporte Loja);Pleno;Sao Paulo-SP;Presencial;M;33;10.6;01/2016;3900;2489;5;4;9;10;6;sim;nao
EMP0472;Marketing e Vendas Corporativas;Analista Marketing;Pleno;Rio-RJ;Presencial;F;45;1.7;07/2024;12700;23958;3;5;18;4;6;nao;nao
EMP0473;Hardware e Design de Produto;Eng. Hardware Pl;Pleno;Manaus-AM (fabrica);Presencial;F;48;0.2;12/2025;11500;12940;3;4;55;0;3;nao;sim
EMP0474;Varejo - Loja (Apple Store);Gerente de Loja;Gerente;Manaus-AM (fabrica);Presencial;M;35;0.7;05/2026;6700;15742;4;4;36;3;0;nao;sim
EMP0475;Engenharia de Software;Eng. Software Jr;Junior;Sao Paulo-SP;Presencial;M;22;0.4;01/2025;7300;12291;4;5;42;1;8;nao;nao
EMP0476;Financas, RH e Juridico;Advogado Jr;Junior;Manaus-AM (fabrica);Presencial;F;27;7.7;04/2019;7900;11831;4;5;27;1;3;sim;nao
EMP0477;Varejo - Loja (Apple Store);Genius (Suporte Loja);Pleno;Sao Paulo-SP;Presencial;M;46;1.0;11/2024;4700;5700;3;5;29;9;4;nao;nao
EMP0478;Engenharia de Software;Eng. Software Sr;Senior;Manaus-AM (fabrica);Presencial;M;31;2.3;02/2024;17800;33973;3;4;33;3;11;nao;sim
EMP0479;Design e Experiencia (UI/UX);Designer Pl;Pleno;Remoto-BR;Remoto;M;36;0.2;02/2025;11000;16605;2;5;14;1;0;nao;nao
EMP0480;Varejo - Loja (Apple Store);Genius (Suporte Loja);Pleno;Sao Paulo-SP;Presencial;M;32;17.6;06/2008;5100;8412;3;4;35;6;8;nao;sim
EMP0481;Engenharia de Software;Gerente Engenharia;Gerente;Remoto-BR;Hibrido;M;31;3.0;02/2023;29200;40446;4;5;16;3;3;nao;nao
EMP0482;Operacoes e Supply Chain;Analista Supply Pl;Pleno;Sao Paulo-SP;Presencial;F;28;0.7;10/2026;11300;20113;5;3;18;0;12;nao;nao
EMP0483;Operacoes e Supply Chain;Gerente Operacoes;Gerente;Sao Paulo-SP;Presencial;M;36;3.2;07/2022;23400;54103;3;5;49;0;0;nao;nao
EMP0484;Engenharia de Software;Eng. Software Sr;Senior;Sao Paulo-SP;Hibrido;M;30;1.3;02/2025;17400;30824;3;5;30;1;0;nao;nao
EMP0485;Engenharia de Software;Eng. Software Sr;Senior;Sao Paulo-SP;Hibrido;M;39;4.7;03/2022;20900;33253;3;5;66;0;1;nao;sim
EMP0486;Design e Experiencia (UI/UX);Lead Designer;Lead;Remoto-BR;Remoto;M;26;1.2;04/2025;25100;43137;4;5;31;6;9;nao;sim
EMP0487;Financas, RH e Juridico;Advogado Jr;Junior;Remoto-BR;Presencial;F;31;0.5;12/2025;6200;9156;3;4;46;4;0;nao;nao
EMP0488;Design e Experiencia (UI/UX);Lead Designer;Lead;Remoto-BR;Presencial;F;28;10.2;09/2015;24800;44816;4;4;20;0;13;sim;nao
EMP0489;Varejo - Loja (Apple Store);Genius (Suporte Loja);Pleno;Remoto-BR;Presencial;M;37;5.3;11/2021;4300;6228;2;3;24;0;7;nao;nao
EMP0490;Marketing e Vendas Corporativas;Analista Marketing;Pleno;Sao Paulo-SP;Hibrido;M;32;5.5;08/2020;13700;21291;5;4;31;3;4;nao;nao
EMP0491;Varejo - Loja (Apple Store);Especialista Vendas;Junior;Cupertino-EUA (remoto BR);Presencial;M;31;6.4;11/2020;3900;6354;4;2;17;2;20;sim;sim
EMP0492;Operacoes e Supply Chain;Analista Logistica;Pleno;Sao Paulo-SP;Hibrido;M;39;4.9;02/2021;11800;12335;4;5;19;0;0;sim;nao
EMP0493;Varejo - Loja (Apple Store);Estoquista;Junior;Remoto-BR;Presencial;M;30;14.9;09/2011;4500;6893;3;3;20;0;7;nao;nao
EMP0494;Engenharia de Software;Eng. Software Pl;Pleno;Remoto-BR;Presencial;F;41;0.3;07/2025;12400;9237;4;5;49;8;0;nao;nao
EMP0495;Engenharia de Software;Eng. Software Sr;Senior;Manaus-AM (fabrica);Presencial;F;25;6.0;07/2020;20700;20172;4;5;25;0;6;sim;nao
EMP0496;Varejo - Loja (Apple Store);Lider de Loja;Senior;Sao Paulo-SP;Presencial;F;30;7.1;01/2018;4400;8664;4;4;60;0;10;nao;nao
EMP0497;Varejo - Loja (Apple Store);Lider de Loja;Senior;Sao Paulo-SP;Presencial;M;32;0.4;06/2025;5900;6397;4;5;44;2;2;nao;nao
EMP0498;Operacoes e Supply Chain;Gerente Operacoes;Gerente;Remoto-BR;Presencial;M;31;0.5;05/2026;23800;49136;2;3;20;2;14;nao;nao
EMP0499;Engenharia de Software;Eng. Software Sr;Senior;Rio-RJ;Hibrido;F;19;7.5;05/2019;19600;12356;4;5;64;3;1;sim;nao
EMP0500;Engenharia de Software;Gerente Engenharia;Gerente;Sao Paulo-SP;Hibrido;M;19;11.5;09/2014;31800;29129;4;5;40;2;0;sim;sim
EMP0501;Engenharia de Software;Eng. Software Jr;Junior;Remoto-BR;Hibrido;M;34;10.5;09/2016;7400;4170;5;5;42;4;1;nao;nao
EMP0502;Design e Experiencia (UI/UX);Designer Pl;Pleno;Remoto-BR;Remoto;M;28;0.4;04/2026;13100;23267;4;4;14;0;8;nao;sim
EMP0503;Varejo - Loja (Apple Store);Lider de Loja;Senior;Sao Paulo-SP;Presencial;M;24;0.2;10/2025;5700;3341;2;3;24;0;14;nao;sim
EMP0504;Suporte - AppleCare;Atendente Suporte Pl;Pleno;Cupertino-EUA (remoto BR);Presencial;M;42;0.6;08/2025;6000;9925;4;4;40;1;7;nao;nao
EMP0505;Varejo - Loja (Apple Store);Estoquista;Junior;Sao Paulo-SP;Presencial;M;37;2.0;12/2023;4000;3137;4;4;27;6;13;sim;sim
EMP0506;Varejo - Loja (Apple Store);Estoquista;Junior;Sao Paulo-SP;Presencial;M;32;4.9;07/2022;4500;8484;3;3;11;0;11;nao;sim
EMP0507;Engenharia de Software;Gerente Engenharia;Gerente;Sao Paulo-SP;Hibrido;F;38;3.2;08/2022;26000;41536;3;4;28;2;5;nao;nao
EMP0508;Suporte - AppleCare;Atendente Suporte Pl;Pleno;Manaus-AM (fabrica);Presencial;M;37;5.8;09/2021;7400;5794;5;3;7;0;13;sim;sim
EMP0509;Engenharia de Software;Eng. Software Pl;Pleno;Cupertino-EUA (remoto BR);Hibrido;F;41;1.3;04/2025;10700;12188;4;4;45;0;10;nao;nao
EMP0510;Financas, RH e Juridico;Gerente Financas/RH;Gerente;Sao Paulo-SP;Remoto;F;45;1.4;05/2024;31600;26748;4;4;57;1;10;nao;sim
EMP0511;Engenharia de Software;Gerente Engenharia;Gerente;Rio-RJ;Presencial;F;38;3.1;04/2023;29300;31045;2;4;60;4;0;nao;nao
EMP0512;Varejo - Loja (Apple Store);Genius (Suporte Loja);Pleno;Sao Paulo-SP;Presencial;F;44;1.3;04/2024;4500;3287;3;4;35;6;12;nao;nao
EMP0513;Operacoes e Supply Chain;Coordenador Operacoes;Senior;Manaus-AM (fabrica);Presencial;M;36;1.9;09/2025;20500;15383;3;5;62;9;2;nao;sim
EMP0514;Financas, RH e Juridico;Analista RH;Pleno;Remoto-BR;Presencial;M;48;0.6;07/2026;12000;13024;2;4;17;2;1;nao;nao
EMP0515;Engenharia de Software;Gerente Engenharia;Gerente;Remoto-BR;Hibrido;M;32;4.3;03/2022;25400;42937;4;5;60;0;2;sim;nao
EMP0516;Engenharia de Software;Eng. Software Pl;Pleno;Manaus-AM (fabrica);Presencial;F;27;12.5;12/2013;13300;11917;3;4;63;12;13;nao;nao
EMP0517;Engenharia de Software;Eng. Software Sr;Senior;Sao Paulo-SP;Remoto;F;43;13.5;10/2013;16400;26545;3;5;54;3;0;nao;nao
EMP0518;Operacoes e Supply Chain;Analista Supply Pl;Pleno;Sao Paulo-SP;Presencial;M;39;2.1;07/2024;11300;20941;3;4;29;5;8;nao;sim
EMP0519;Varejo - Loja (Apple Store);Genius (Suporte Loja);Pleno;Remoto-BR;Presencial;F;37;3.3;02/2022;4400;5203;4;4;11;0;4;nao;sim
EMP0520;Engenharia de Software;Tech Lead;Lead;Sao Paulo-SP;Remoto;M;32;1.0;03/2024;27000;49120;3;5;38;2;5;nao;nao
EMP0521;Operacoes e Supply Chain;Analista Logistica;Pleno;Sao Paulo-SP;Hibrido;M;29;1.4;01/2024;11900;10724;4;4;23;2;3;nao;sim
EMP0522;Marketing e Vendas Corporativas;Executivo Vendas B2B;Pleno;Sao Paulo-SP;Remoto;F;29;3.7;11/2022;11300;20637;4;4;17;0;6;sim;nao
EMP0523;Design e Experiencia (UI/UX);Designer Sr;Senior;Sao Paulo-SP;Remoto;M;42;0.7;10/2026;16800;19116;3;4;9;1;12;nao;nao
EMP0524;Hardware e Design de Produto;Gerente Hardware;Gerente;Remoto-BR;Remoto;M;33;0.2;03/2026;30400;28449;3;5;53;11;8;nao;nao
EMP0525;Engenharia de Software;Tech Lead;Lead;Manaus-AM (fabrica);Presencial;F;39;1.7;07/2024;23500;59855;4;4;27;8;0;nao;nao
EMP0526;Varejo - Loja (Apple Store);Gerente de Loja;Gerente;Remoto-BR;Presencial;M;26;1.9;12/2025;6300;6789;4;3;31;5;12;sim;nao
EMP0527;Engenharia de Software;Eng. Software Jr;Junior;Sao Paulo-SP;Presencial;M;43;1.2;09/2024;8000;14955;3;4;68;0;5;nao;nao
EMP0528;Suporte - AppleCare;Atendente Suporte Pl;Pleno;Remoto-BR;Hibrido;M;37;3.0;10/2022;8000;4362;4;4;28;2;6;nao;sim
EMP0529;Engenharia de Software;Eng. Software Pl;Pleno;Remoto-BR;Hibrido;F;27;5.3;05/2021;10300;6077;4;5;24;0;0;sim;nao
EMP0530;Financas, RH e Juridico;Gerente Financas/RH;Gerente;Remoto-BR;Remoto;M;21;1.9;02/2024;28100;71850;4;5;31;0;7;sim;nao
EMP0531;Varejo - Loja (Apple Store);Especialista Vendas;Junior;Rio-RJ;Presencial;F;24;0.6;11/2026;4400;3981;2;4;32;1;12;nao;sim
EMP0532;Engenharia de Software;Eng. Software Jr;Junior;Sao Paulo-SP;Hibrido;M;30;3.6;05/2022;6000;8131;5;3;52;0;21;sim;sim
EMP0533;Financas, RH e Juridico;Advogado Jr;Junior;Manaus-AM (fabrica);Presencial;F;28;0.5;06/2026;6700;10801;4;3;40;2;13;nao;sim
EMP0534;Varejo - Loja (Apple Store);Especialista Vendas;Junior;Sao Paulo-SP;Presencial;M;36;4.4;11/2022;4700;7770;3;3;56;3;16;nao;nao
EMP0535;Financas, RH e Juridico;Advogado Jr;Junior;Cupertino-EUA (remoto BR);Presencial;F;20;0.2;11/2026;6700;5448;2;4;20;2;3;nao;nao
EMP0536;Operacoes e Supply Chain;Analista Supply Pl;Pleno;Rio-RJ;Presencial;M;38;2.4;03/2023;13400;9945;2;4;37;0;3;nao;nao
EMP0537;Hardware e Design de Produto;Gerente Hardware;Gerente;Manaus-AM (fabrica);Presencial;M;50;12.5;06/2013;31200;44673;3;3;13;1;13;nao;nao
EMP0538;Financas, RH e Juridico;Advogado Jr;Junior;Sao Paulo-SP;Presencial;M;51;0.2;01/2026;7500;6504;2;5;22;1;5;nao;nao
EMP0539;Design e Experiencia (UI/UX);Designer Jr;Junior;Sao Paulo-SP;Remoto;M;28;2.7;02/2024;6000;9586;4;4;7;0;16;sim;nao
EMP0540;Financas, RH e Juridico;Gerente Financas/RH;Gerente;Sao Paulo-SP;Hibrido;F;24;10.4;04/2015;26300;18701;4;5;15;1;0;sim;nao
EMP0541;Engenharia de Software;Eng. Software Jr;Junior;Manaus-AM (fabrica);Presencial;F;31;0.3;05/2025;7800;9181;3;5;45;0;1;nao;sim
EMP0542;Marketing e Vendas Corporativas;Executivo Vendas B2B;Pleno;Sao Paulo-SP;Hibrido;F;29;2.3;03/2024;13600;15710;4;5;13;2;11;nao;nao
EMP0543;Suporte - AppleCare;Supervisor Suporte;Senior;Remoto-BR;Presencial;NB;46;4.7;03/2021;11100;21098;3;5;24;3;2;nao;nao
EMP0544;Suporte - AppleCare;Atendente Suporte Pl;Pleno;Manaus-AM (fabrica);Presencial;M;27;0.2;04/2026;7000;9233;3;4;36;9;10;nao;nao
EMP0545;Varejo - Loja (Apple Store);Especialista Vendas;Junior;Cupertino-EUA (remoto BR);Presencial;F;28;0.5;08/2025;4300;4418;5;4;10;1;10;nao;nao
EMP0546;Varejo - Loja (Apple Store);Estoquista;Junior;Sao Paulo-SP;Presencial;M;22;4.1;05/2021;4800;9152;5;3;20;5;10;sim;sim
EMP0547;Financas, RH e Juridico;Analista Financeiro;Pleno;Remoto-BR;Hibrido;M;41;3.0;05/2022;13100;10713;4;4;5;5;6;nao;nao
EMP0548;Suporte - AppleCare;Atendente Suporte Pl;Pleno;Cupertino-EUA (remoto BR);Remoto;M;33;1.6;05/2024;6600;9820;4;5;54;3;3;sim;nao
EMP0549;Engenharia de Software;Eng. Software Jr;Junior;Sao Paulo-SP;Presencial;M;38;1.4;07/2025;6400;12545;3;5;60;4;8;nao;nao
EMP0550;Engenharia de Software;Tech Lead;Lead;Manaus-AM (fabrica);Presencial;M;25;0.4;09/2026;20700;36742;4;5;55;5;0;nao;nao
EMP0551;Hardware e Design de Produto;Eng. Hardware Jr;Junior;Sao Paulo-SP;Presencial;M;32;4.3;02/2022;7100;3819;3;5;0;4;3;nao;nao
EMP0552;Varejo - Loja (Apple Store);Genius (Suporte Loja);Pleno;Sao Paulo-SP;Presencial;F;36;5.1;05/2021;3900;2791;2;3;30;0;25;nao;nao
EMP0553;Engenharia de Software;Eng. Software Pl;Pleno;Sao Paulo-SP;Remoto;F;26;6.4;08/2019;12900;14455;4;5;41;1;0;nao;nao
EMP0554;Varejo - Loja (Apple Store);Genius (Suporte Loja);Pleno;Sao Paulo-SP;Presencial;F;24;0.2;06/2026;4400;6252;3;5;21;7;4;nao;nao
EMP0555;Engenharia de Software;Eng. Software Jr;Junior;Remoto-BR;Hibrido;F;22;0.2;02/2025;7500;14323;5;5;57;1;4;nao;nao
EMP0556;Hardware e Design de Produto;Gerente Hardware;Gerente;Cupertino-EUA (remoto BR);Remoto;M;33;6.5;07/2020;24300;53378;4;5;35;3;1;sim;nao
EMP0557;Varejo - Loja (Apple Store);Estoquista;Junior;Rio-RJ;Presencial;M;24;1.6;02/2025;4400;8070;4;3;21;2;12;nao;nao
EMP0558;Varejo - Loja (Apple Store);Lider de Loja;Senior;Sao Paulo-SP;Presencial;F;35;0.3;06/2026;4500;4372;3;3;25;0;17;nao;sim
EMP0559;Hardware e Design de Produto;Eng. Hardware Pl;Pleno;Remoto-BR;Presencial;M;30;1.1;11/2025;10100;18573;4;5;51;1;0;nao;nao
EMP0560;Operacoes e Supply Chain;Gerente Operacoes;Gerente;Sao Paulo-SP;Presencial;F;23;3.1;01/2022;25900;49343;4;4;0;1;16;nao;nao
EMP0561;Marketing e Vendas Corporativas;Gerente Marketing;Gerente;Sao Paulo-SP;Hibrido;F;45;4.5;06/2021;27000;46847;4;5;43;3;1;nao;nao
EMP0562;Financas, RH e Juridico;Analista Financeiro;Pleno;Rio-RJ;Remoto;F;36;0.5;12/2026;12600;10577;5;4;36;5;13;nao;nao
EMP0563;Engenharia de Software;Eng. Software Jr;Junior;Sao Paulo-SP;Hibrido;F;36;1.4;07/2025;6400;4835;3;4;52;5;9;nao;nao
EMP0564;Marketing e Vendas Corporativas;Executivo Vendas B2B;Pleno;Remoto-BR;Hibrido;M;34;2.4;12/2023;11700;7461;5;4;0;5;5;sim;nao
EMP0565;Operacoes e Supply Chain;Analista Logistica;Pleno;Sao Paulo-SP;Hibrido;F;29;1.7;06/2024;10700;14827;3;5;18;1;0;nao;nao
EMP0566;Engenharia de Software;Gerente Engenharia;Gerente;Sao Paulo-SP;Presencial;M;27;3.4;07/2022;25100;29913;4;5;51;3;7;sim;nao
EMP0567;Suporte - AppleCare;Atendente Suporte Jr;Junior;Sao Paulo-SP;Hibrido;F;24;1.5;09/2024;4800;5506;4;4;38;0;12;nao;nao
EMP0568;Engenharia de Software;Tech Lead;Lead;Remoto-BR;Presencial;F;25;2.6;07/2023;20600;15393;4;4;47;6;5;nao;nao
EMP0569;Varejo - Loja (Apple Store);Estoquista;Junior;Sao Paulo-SP;Presencial;M;31;4.6;05/2022;4500;3404;4;4;44;1;10;sim;sim
EMP0570;Marketing e Vendas Corporativas;Gerente Marketing;Gerente;Remoto-BR;Presencial;M;34;0.3;08/2025;24600;16600;4;5;26;0;0;nao;nao
EMP0571;Varejo - Loja (Apple Store);Especialista Vendas;Junior;Remoto-BR;Presencial;M;27;0.4;10/2026;4700;4399;4;4;41;4;8;nao;sim
EMP0572;Operacoes e Supply Chain;Coordenador Operacoes;Senior;Remoto-BR;Hibrido;NB;33;1.6;06/2024;17500;17510;5;5;21;5;0;nao;nao
EMP0573;Varejo - Loja (Apple Store);Especialista Vendas;Junior;Sao Paulo-SP;Presencial;F;41;0.2;12/2026;5200;5403;4;5;14;3;7;nao;nao
EMP0574;Marketing e Vendas Corporativas;Gerente Marketing;Gerente;Remoto-BR;Remoto;NB;37;8.4;06/2017;26900;39374;3;4;23;2;10;nao;nao
EMP0575;Varejo - Loja (Apple Store);Lider de Loja;Senior;Rio-RJ;Presencial;M;31;0.2;03/2026;5100;3699;4;3;19;1;16;nao;sim
EMP0576;Suporte - AppleCare;Atendente Suporte Jr;Junior;Remoto-BR;Presencial;M;40;0.2;01/2025;4700;3320;4;4;5;9;15;nao;nao
EMP0577;Financas, RH e Juridico;Advogado Jr;Junior;Sao Paulo-SP;Hibrido;M;39;0.2;04/2026;7600;11062;3;4;42;0;0;nao;nao
EMP0578;Hardware e Design de Produto;Gerente Hardware;Gerente;Remoto-BR;Presencial;M;31;0.5;05/2026;26100;32097;3;4;32;4;10;nao;nao
EMP0579;Engenharia de Software;Gerente Engenharia;Gerente;Cupertino-EUA (remoto BR);Presencial;M;31;2.0;07/2023;27500;66810;3;3;44;0;15;nao;nao
EMP0580;Suporte - AppleCare;Supervisor Suporte;Senior;Remoto-BR;Presencial;M;27;4.9;07/2021;10400;12419;3;5;5;0;8;nao;nao
EMP0581;Financas, RH e Juridico;Analista Financeiro;Pleno;Sao Paulo-SP;Presencial;F;26;0.2;11/2026;11800;18590;4;5;6;10;2;nao;nao
EMP0582;Marketing e Vendas Corporativas;Gerente Marketing;Gerente;Manaus-AM (fabrica);Presencial;F;34;2.3;02/2024;24000;22761;4;4;11;0;10;sim;nao
EMP0583;Design e Experiencia (UI/UX);Designer Jr;Junior;Sao Paulo-SP;Hibrido;F;35;1.1;08/2025;7800;11120;5;5;32;5;0;nao;nao
EMP0584;Engenharia de Software;Gerente Engenharia;Gerente;Sao Paulo-SP;Hibrido;F;42;1.6;07/2024;29700;25521;4;4;47;1;0;nao;sim
EMP0585;Hardware e Design de Produto;Gerente Hardware;Gerente;Sao Paulo-SP;Remoto;M;21;1.1;06/2025;27900;64978;4;4;71;2;8;nao;nao
EMP0586;Engenharia de Software;Gerente Engenharia;Gerente;Sao Paulo-SP;Hibrido;M;31;1.3;11/2024;27800;70250;5;5;34;2;2;nao;nao
EMP0587;Hardware e Design de Produto;Eng. Hardware Sr;Senior;Remoto-BR;Hibrido;M;35;0.2;04/2026;16300;10747;3;4;33;11;11;nao;nao
EMP0588;Suporte - AppleCare;Atendente Suporte Jr;Junior;Sao Paulo-SP;Remoto;M;19;8.9;05/2017;4800;8496;5;4;35;5;17;nao;nao
EMP0589;Varejo - Loja (Apple Store);Lider de Loja;Senior;Sao Paulo-SP;Presencial;M;37;4.0;12/2021;4500;7743;4;4;14;2;9;nao;sim
EMP0590;Operacoes e Supply Chain;Analista Logistica;Pleno;Cupertino-EUA (remoto BR);Presencial;M;38;4.6;11/2022;11900;9343;4;4;51;1;7;nao;nao
EMP0591;Operacoes e Supply Chain;Gerente Operacoes;Gerente;Cupertino-EUA (remoto BR);Presencial;F;46;1.2;04/2024;23800;40556;4;3;27;5;16;nao;nao
EMP0592;Design e Experiencia (UI/UX);Designer Pl;Pleno;Manaus-AM (fabrica);Presencial;M;45;2.4;01/2023;12000;22052;2;5;6;3;0;nao;sim
EMP0593;Varejo - Loja (Apple Store);Genius (Suporte Loja);Pleno;Sao Paulo-SP;Presencial;F;21;9.0;01/2017;4100;2498;3;3;13;4;20;nao;sim
EMP0594;Financas, RH e Juridico;Gerente Financas/RH;Gerente;Remoto-BR;Hibrido;F;19;1.1;01/2024;27900;30389;3;5;37;6;0;nao;nao
EMP0595;Financas, RH e Juridico;Analista Financeiro;Pleno;Rio-RJ;Remoto;M;41;4.7;01/2022;11300;12044;3;4;40;0;11;nao;sim
EMP0596;Varejo - Loja (Apple Store);Estoquista;Junior;Cupertino-EUA (remoto BR);Presencial;M;34;0.2;09/2025;4600;9137;4;4;26;0;17;nao;sim
EMP0597;Engenharia de Software;Eng. Software Jr;Junior;Sao Paulo-SP;Hibrido;M;38;1.8;11/2025;6000;5251;4;5;35;1;0;nao;nao
EMP0598;Suporte - AppleCare;Atendente Suporte Pl;Pleno;Rio-RJ;Presencial;M;27;4.2;01/2022;6800;7590;3;3;18;7;14;nao;nao
EMP0599;Varejo - Loja (Apple Store);Estoquista;Junior;Remoto-BR;Presencial;F;35;13.3;11/2013;4900;9454;3;3;27;2;19;nao;sim
EMP0600;Financas, RH e Juridico;Analista Financeiro;Pleno;Sao Paulo-SP;Hibrido;M;39;0.2;03/2025;12400;16104;3;5;20;8;4;nao;nao
